date,BC_A_J,BC_A_S,BC_B_J,BC_B_S,BC_C_J,BC_C_S,BC_D_J,BC_E_J,BC_E_S,CB_A_J,CB_A_S,CB_D_J,CB_E_J,CB_F_J,CR_A_J,CR_B_J,CR_C_J,CR_D_J,CR_D_S,CR_E_J,CR_E_S,RD_A_J,RD_A_S,RD_C_S,RD_D_J,RD_D_S,RD_E_J,RD_E_S,RD_F_J,TG_A_J,TG_A_S,TG_B_J,TG_B_S,TG_C_J,TG_C_S,TG_D_J,TG_D_S,TG_E_J,TG_E_S
2022-05-28 00:00:00,0.0,0.0,0.0,0.0,0.0,0.0,0.0,0.0,0.0,0.0,0.0,0.0,0.0,250.0,0.0,0.0,0.0,0.0,0.0,0.0,0.0,608.0,0.0,0.0,665.0,0.0,0.0,0.0,638.0,0.0,8555.0,9807.0,5692.0,11553.0,8488.0,6420.0,5056.0,0.0,8736.0
2022-05-29 00:00:00,0.0,0.0,0.0,0.0,0.0,0.0,0.0,0.0,0.0,0.0,0.0,0.0,0.0,0.0,0.0,0.0,0.0,0.0,0.0,0.0,0.0,0.0,0.0,0.0,0.0,0.0,0.0,0.0,0.0,0.0,0.0,0.0,0.0,0.0,0.0,0.0,0.0,0.0,0.0
2022-05-30 00:00:00,0.0,0.0,0.0,0.0,0.0,0.0,0.0,0.0,0.0,0.0,0.0,0.0,0.0,0.0,2801.0,0.0,0.0,0.0,0.0,0.0,0.0,787.0,0.0,0.0,662.0,0.0,619.0,0.0,659.0,0.0,8559.0,10714.0,5701.0,10804.0,9000.0,10000.0,9294.0,0.0,5472.0
2022-05-31 00:00:00,0.0,0.0,0.0,0.0,0.0,0.0,0.0,0.0,0.0,0.0,0.0,0.0,0.0,330.0,2744.0,0.0,0.0,0.0,0.0,0.0,0.0,642.0,0.0,0.0,667.0,0.0,782.0,0.0,643.0,7177.0,7632.0,4222.0,8451.0,11305.0,9202.0,0.0,10413.0,9157.0,7088.0
2022-06-01 00:00:00,0.0,0.0,0.0,0.0,0.0,0.0,0.0,0.0,0.0,0.0,0.0,0.0,0.0,0.0,0.0,0.0,0.0,0.0,0.0,0.0,0.0,588.0,0.0,0.0,620.0,0.0,780.0,0.0,624.0,0.0,9566.0,10867.0,5995.0,11595.0,9343.0,10000.0,8569.0,0.0,5795.0
2022-06-02 00:00:00,0.0,0.0,0.0,0.0,0.0,0.0,0.0,0.0,0.0,0.0,0.0,0.0,0.0,162.0,2763.0,0.0,0.0,0.0,0.0,0.0,0.0,751.0,594.0,0.0,633.0,0.0,825.0,0.0,596.0,8079.0,7671.0,10721.0,8040.0,11823.0,8997.0,5261.0,0.0,0.0,8031.0
2022-06-03 00:00:00,0.0,0.0,0.0,0.0,0.0,0.0,0.0,0.0,0.0,0.0,0.0,0.0,0.0,0.0,2683.0,0.0,0.0,0.0,0.0,0.0,0.0,529.0,0.0,0.0,603.0,0.0,818.0,0.0,609.0,0.0,7951.0,10612.0,7896.0,12336.0,8622.0,5200.0,12087.0,0.0,7233.0
2022-06-04 00:00:00,0.0,0.0,0.0,0.0,0.0,0.0,0.0,0.0,0.0,0.0,0.0,0.0,0.0,400.0,0.0,0.0,0.0,0.0,0.0,0.0,0.0,418.0,0.0,0.0,0.0,0.0,0.0,0.0,601.0,0.0,8190.0,0.0,6370.0,9995.0,8149.0,5898.0,8946.0,0.0,8851.0
2022-06-05 00:00:00,0.0,0.0,0.0,0.0,0.0,0.0,0.0,0.0,0.0,0.0,0.0,0.0,0.0,0.0,0.0,0.0,0.0,0.0,0.0,0.0,0.0,0.0,0.0,0.0,0.0,0.0,0.0,0.0,0.0,0.0,0.0,0.0,0.0,0.0,0.0,0.0,0.0,0.0,0.0
2022-06-06 00:00:00,0.0,0.0,0.0,0.0,0.0,0.0,0.0,0.0,0.0,0.0,0.0,0.0,0.0,0.0,0.0,0.0,0.0,0.0,0.0,0.0,0.0,625.0,880.0,0.0,664.0,825.0,800.0,0.0,695.0,0.0,9138.0,9140.0,7691.0,11844.0,8503.0,10000.0,9075.0,0.0,8680.0
2022-06-07 00:00:00,0.0,0.0,0.0,0.0,0.0,0.0,0.0,0.0,0.0,0.0,0.0,0.0,0.0,0.0,2681.0,0.0,0.0,0.0,0.0,0.0,0.0,749.0,0.0,0.0,641.0,801.0,828.0,0.0,632.0,10664.0,7969.0,8754.0,8454.0,8973.0,8539.0,4000.0,8594.0,0.0,7734.0
2022-06-08 00:00:00,0.0,0.0,0.0,0.0,0.0,0.0,0.0,0.0,0.0,0.0,0.0,0.0,0.0,0.0,2673.0,0.0,0.0,0.0,0.0,0.0,0.0,636.0,0.0,0.0,547.0,821.0,825.0,0.0,595.0,8102.0,9253.0,8758.0,8090.0,10121.0,7929.0,7100.0,0.0,0.0,9600.0
2022-06-09 00:00:00,0.0,0.0,0.0,0.0,0.0,0.0,0.0,0.0,0.0,0.0,0.0,0.0,0.0,0.0,2767.0,0.0,0.0,0.0,0.0,0.0,0.0,562.0,0.0,0.0,562.0,865.0,925.0,0.0,554.0,0.0,8800.0,8038.0,7834.0,10930.0,7809.0,0.0,10331.0,0.0,7836.0
2022-06-10 00:00:00,0.0,0.0,0.0,0.0,0.0,0.0,0.0,0.0,0.0,0.0,0.0,0.0,0.0,400.0,2693.0,0.0,0.0,0.0,0.0,0.0,0.0,745.0,0.0,0.0,537.0,841.0,861.0,0.0,591.0,9444.0,8586.0,9524.0,7160.0,10333.0,7415.0,0.0,8703.0,0.0,7926.0
2022-06-11 00:00:00,0.0,0.0,0.0,0.0,0.0,0.0,0.0,0.0,0.0,0.0,0.0,0.0,0.0,0.0,0.0,0.0,0.0,0.0,0.0,0.0,0.0,0.0,0.0,0.0,626.0,871.0,874.0,0.0,745.0,9810.0,8450.0,9740.0,5848.0,9623.0,5570.0,5464.0,7955.0,0.0,6254.0
2022-06-12 00:00:00,0.0,0.0,0.0,0.0,0.0,0.0,0.0,0.0,0.0,0.0,0.0,0.0,0.0,0.0,0.0,0.0,0.0,0.0,0.0,0.0,0.0,0.0,0.0,0.0,0.0,0.0,0.0,0.0,0.0,0.0,0.0,0.0,0.0,0.0,0.0,0.0,0.0,0.0,0.0
2022-06-13 00:00:00,0.0,0.0,0.0,0.0,0.0,0.0,0.0,0.0,0.0,0.0,0.0,0.0,0.0,0.0,2688.0,0.0,0.0,0.0,0.0,0.0,0.0,1046.0,0.0,0.0,665.0,947.0,865.0,0.0,776.0,9354.0,8205.0,7636.0,7078.0,7997.0,7285.0,0.0,7220.0,0.0,7958.0
2022-06-14 00:00:00,0.0,0.0,0.0,0.0,0.0,0.0,0.0,0.0,0.0,0.0,0.0,0.0,0.0,355.0,2681.0,0.0,0.0,0.0,0.0,0.0,0.0,1555.0,0.0,0.0,576.0,950.0,989.0,0.0,722.0,8920.0,7886.0,9895.0,5500.0,6138.0,6986.0,0.0,7333.0,0.0,8318.0
2022-06-15 00:00:00,0.0,0.0,0.0,0.0,0.0,0.0,0.0,0.0,0.0,0.0,0.0,0.0,0.0,0.0,2712.0,0.0,0.0,0.0,0.0,0.0,0.0,865.0,0.0,0.0,0.0,742.0,993.0,0.0,834.0,9341.0,7028.0,9907.0,7883.0,8509.0,7261.0,0.0,7485.0,0.0,7649.0
2022-06-16 00:00:00,0.0,0.0,0.0,0.0,0.0,0.0,0.0,0.0,0.0,0.0,0.0,0.0,0.0,0.0,2692.0,0.0,0.0,0.0,0.0,0.0,0.0,1875.0,0.0,0.0,0.0,1017.0,1005.0,0.0,858.0,0.0,7465.0,9918.0,7528.0,7090.0,7184.0,3355.0,7919.0,0.0,6917.0
2022-06-17 00:00:00,0.0,0.0,0.0,0.0,0.0,0.0,0.0,0.0,0.0,0.0,0.0,0.0,0.0,0.0,2672.0,0.0,0.0,0.0,0.0,0.0,0.0,602.0,0.0,0.0,661.0,750.0,928.0,0.0,771.0,9497.0,7064.0,7582.0,7440.0,9401.0,7250.0,3794.0,7289.0,5858.0,7155.0
2022-06-18 00:00:00,0.0,0.0,0.0,0.0,0.0,0.0,0.0,0.0,0.0,0.0,0.0,0.0,0.0,0.0,0.0,0.0,0.0,0.0,0.0,0.0,0.0,0.0,0.0,0.0,0.0,0.0,1010.0,0.0,806.0,0.0,6840.0,9464.0,7080.0,7797.0,7174.0,5642.0,5586.0,0.0,5819.0
2022-06-19 00:00:00,0.0,0.0,0.0,0.0,0.0,0.0,0.0,0.0,0.0,0.0,0.0,0.0,0.0,0.0,0.0,0.0,0.0,0.0,0.0,0.0,0.0,0.0,0.0,0.0,0.0,0.0,0.0,0.0,0.0,0.0,0.0,0.0,0.0,0.0,0.0,0.0,0.0,0.0,0.0
2022-06-20 00:00:00,0.0,0.0,0.0,0.0,0.0,0.0,0.0,0.0,0.0,0.0,0.0,0.0,0.0,350.0,2672.0,0.0,0.0,0.0,0.0,0.0,0.0,596.0,0.0,0.0,484.0,0.0,1021.0,0.0,654.0,8493.0,7341.0,8522.0,7230.0,5881.0,6618.0,0.0,7738.0,0.0,5644.0
2022-06-21 00:00:00,0.0,0.0,0.0,0.0,0.0,0.0,0.0,0.0,0.0,0.0,0.0,0.0,0.0,0.0,2671.0,0.0,0.0,0.0,0.0,0.0,0.0,1698.0,0.0,0.0,0.0,0.0,894.0,0.0,1000.0,9440.0,7269.0,9491.0,6169.0,7352.0,6657.0,6000.0,5707.0,8733.0,8519.0
2022-06-22 00:00:00,0.0,0.0,0.0,0.0,0.0,0.0,0.0,0.0,0.0,0.0,0.0,0.0,0.0,0.0,2693.0,0.0,0.0,0.0,0.0,0.0,0.0,1706.0,0.0,0.0,0.0,0.0,1032.0,0.0,1025.0,9309.0,6695.0,8722.0,6115.0,6752.0,6281.0,7569.0,5417.0,8046.0,6446.0
2022-06-23 00:00:00,0.0,0.0,0.0,0.0,0.0,0.0,0.0,0.0,0.0,0.0,0.0,0.0,0.0,0.0,2666.0,0.0,0.0,0.0,0.0,0.0,0.0,1695.0,0.0,0.0,0.0,0.0,925.0,0.0,726.0,6622.0,6064.0,8648.0,5783.0,8509.0,6287.0,7295.0,5971.0,8706.0,7667.0
2022-06-24 00:00:00,0.0,0.0,0.0,0.0,0.0,0.0,0.0,0.0,0.0,0.0,0.0,0.0,0.0,0.0,2659.0,0.0,0.0,0.0,0.0,0.0,0.0,1692.0,0.0,0.0,0.0,0.0,1030.0,0.0,851.0,9346.0,6004.0,8318.0,5057.0,7027.0,5775.0,5020.0,5800.0,6824.0,7904.0
2022-06-25 00:00:00,0.0,0.0,0.0,0.0,0.0,0.0,0.0,0.0,0.0,0.0,0.0,0.0,0.0,0.0,0.0,0.0,0.0,0.0,0.0,0.0,0.0,0.0,0.0,0.0,0.0,0.0,1125.0,0.0,818.0,4672.0,6775.0,7433.0,4185.0,7136.0,5290.0,7064.0,5440.0,7503.0,4825.0
2022-06-26 00:00:00,0.0,0.0,0.0,0.0,0.0,0.0,0.0,0.0,0.0,0.0,0.0,0.0,0.0,0.0,0.0,0.0,0.0,0.0,0.0,0.0,0.0,0.0,0.0,0.0,0.0,0.0,0.0,0.0,0.0,0.0,0.0,0.0,0.0,0.0,0.0,0.0,0.0,0.0,0.0
2022-06-27 00:00:00,0.0,0.0,0.0,0.0,0.0,0.0,0.0,0.0,0.0,0.0,0.0,0.0,0.0,0.0,2673.0,0.0,0.0,0.0,0.0,0.0,0.0,1695.0,0.0,0.0,0.0,0.0,1014.0,0.0,956.0,9183.0,5766.0,8760.0,4748.0,6483.0,5391.0,4346.0,6031.0,7146.0,5966.0
2022-06-28 00:00:00,0.0,0.0,0.0,0.0,0.0,0.0,0.0,0.0,0.0,0.0,0.0,0.0,0.0,0.0,2666.0,0.0,0.0,0.0,0.0,0.0,0.0,1682.0,0.0,0.0,0.0,0.0,1043.0,0.0,873.0,7792.0,5862.0,8717.0,5138.0,6637.0,5213.0,7050.0,5992.0,7229.0,6380.0
2022-06-29 00:00:00,0.0,0.0,0.0,0.0,0.0,0.0,0.0,0.0,0.0,0.0,0.0,0.0,0.0,0.0,2706.0,0.0,0.0,0.0,0.0,0.0,0.0,1697.0,0.0,0.0,0.0,0.0,975.0,0.0,835.0,5475.0,6152.0,7493.0,5071.0,4168.0,4815.0,4455.0,6018.0,5475.0,5359.0
2022-06-30 00:00:00,0.0,0.0,0.0,0.0,0.0,0.0,0.0,0.0,0.0,0.0,0.0,0.0,0.0,425.0,2674.0,0.0,0.0,0.0,0.0,0.0,0.0,1690.0,0.0,0.0,0.0,0.0,879.0,0.0,655.0,9302.0,5394.0,7306.0,5179.0,0.0,5837.0,4667.0,4456.0,4600.0,5720.0
2022-07-01 00:00:00,0.0,0.0,0.0,0.0,0.0,0.0,0.0,0.0,0.0,0.0,0.0,0.0,0.0,0.0,2667.0,0.0,0.0,0.0,0.0,0.0,0.0,1696.0,0.0,0.0,0.0,0.0,1000.0,0.0,711.0,9225.0,6309.0,8132.0,3831.0,6419.0,5435.0,3799.0,6011.0,5923.0,5128.0
2022-07-02 00:00:00,0.0,0.0,0.0,0.0,0.0,0.0,0.0,0.0,0.0,0.0,0.0,0.0,0.0,400.0,0.0,0.0,0.0,0.0,0.0,0.0,0.0,0.0,0.0,0.0,0.0,0.0,1050.0,0.0,761.0,0.0,5664.0,5935.0,4937.0,8585.0,5651.0,3997.0,5108.0,5328.0,5570.0
2022-07-03 00:00:00,0.0,0.0,0.0,0.0,0.0,0.0,0.0,0.0,0.0,0.0,0.0,0.0,0.0,0.0,0.0,0.0,0.0,0.0,0.0,0.0,0.0,0.0,0.0,0.0,0.0,0.0,0.0,0.0,0.0,0.0,0.0,0.0,0.0,0.0,0.0,0.0,0.0,0.0,0.0
2022-07-04 00:00:00,0.0,0.0,0.0,0.0,0.0,0.0,0.0,0.0,0.0,0.0,0.0,0.0,0.0,0.0,2759.0,0.0,0.0,0.0,0.0,0.0,0.0,1837.0,0.0,0.0,0.0,0.0,1045.0,0.0,1038.0,8835.0,4761.0,7167.0,5693.0,9779.0,5449.0,5457.0,5037.0,6726.0,5443.0
2022-07-05 00:00:00,0.0,0.0,0.0,0.0,0.0,0.0,0.0,0.0,0.0,0.0,0.0,0.0,0.0,400.0,2676.0,0.0,0.0,0.0,0.0,0.0,0.0,1941.0,0.0,0.0,0.0,0.0,700.0,0.0,1053.0,8805.0,6439.0,7439.0,5646.0,7929.0,5434.0,0.0,5829.0,5064.0,4999.0
2022-07-06 00:00:00,0.0,0.0,0.0,0.0,0.0,0.0,0.0,0.0,0.0,0.0,0.0,0.0,0.0,0.0,2672.0,0.0,0.0,0.0,0.0,0.0,0.0,2000.0,0.0,0.0,0.0,0.0,0.0,0.0,991.0,8704.0,5278.0,7748.0,5267.0,6476.0,5457.0,7416.0,5896.0,6765.0,4803.0
2022-07-07 00:00:00,0.0,0.0,0.0,0.0,0.0,0.0,0.0,0.0,0.0,0.0,0.0,0.0,0.0,0.0,2671.0,0.0,0.0,0.0,0.0,0.0,0.0,2000.0,0.0,0.0,0.0,0.0,0.0,0.0,1103.0,6243.0,6370.0,7236.0,5859.0,6376.0,5738.0,0.0,5802.0,0.0,5833.0
2022-07-08 00:00:00,0.0,0.0,0.0,0.0,0.0,0.0,0.0,0.0,0.0,0.0,0.0,0.0,0.0,0.0,2692.0,0.0,0.0,0.0,0.0,0.0,0.0,1942.0,0.0,0.0,0.0,0.0,0.0,0.0,0.0,8205.0,5492.0,7384.0,5895.0,7312.0,6083.0,0.0,6707.0,6038.0,5895.0
2022-07-09 00:00:00,0.0,0.0,0.0,0.0,0.0,0.0,0.0,0.0,0.0,0.0,0.0,0.0,0.0,0.0,0.0,0.0,0.0,0.0,0.0,0.0,0.0,0.0,0.0,0.0,0.0,0.0,0.0,0.0,525.0,5667.0,5462.0,5430.0,5329.0,6843.0,5906.0,6012.0,6176.0,6415.0,4660.0
2022-07-10 00:00:00,0.0,0.0,0.0,0.0,0.0,0.0,0.0,0.0,0.0,0.0,0.0,0.0,0.0,0.0,0.0,0.0,0.0,0.0,0.0,0.0,0.0,0.0,0.0,0.0,0.0,0.0,0.0,0.0,0.0,0.0,0.0,0.0,0.0,0.0,0.0,0.0,0.0,0.0,0.0
2022-07-11 00:00:00,0.0,0.0,0.0,0.0,0.0,0.0,0.0,0.0,0.0,0.0,0.0,0.0,0.0,0.0,2738.0,0.0,0.0,0.0,0.0,0.0,0.0,1970.0,0.0,0.0,0.0,0.0,0.0,0.0,0.0,8596.0,5545.0,6916.0,5550.0,5732.0,6078.0,5500.0,6975.0,7049.0,5810.0
2022-07-12 00:00:00,0.0,0.0,0.0,0.0,0.0,0.0,0.0,0.0,0.0,0.0,0.0,0.0,0.0,0.0,2677.0,0.0,0.0,0.0,0.0,0.0,0.0,1929.0,0.0,0.0,0.0,0.0,0.0,0.0,588.0,7809.0,6248.0,5881.0,5126.0,6314.0,5484.0,4314.0,6875.0,6257.0,5355.0
2022-07-13 00:00:00,0.0,0.0,0.0,0.0,0.0,0.0,0.0,0.0,0.0,0.0,0.0,0.0,0.0,0.0,2720.0,0.0,0.0,0.0,0.0,0.0,0.0,1919.0,0.0,0.0,0.0,0.0,0.0,0.0,0.0,7613.0,5435.0,6741.0,4837.0,7378.0,5844.0,4083.0,6335.0,6570.0,5384.0
2022-07-14 00:00:00,0.0,0.0,0.0,0.0,0.0,0.0,0.0,0.0,0.0,0.0,0.0,0.0,0.0,0.0,2694.0,0.0,0.0,0.0,0.0,0.0,0.0,1931.0,0.0,0.0,0.0,0.0,0.0,0.0,0.0,6228.0,6613.0,7269.0,5404.0,5477.0,5621.0,3400.0,6399.0,5924.0,5693.0
2022-07-15 00:00:00,0.0,0.0,0.0,0.0,0.0,0.0,0.0,0.0,0.0,0.0,0.0,0.0,0.0,0.0,2676.0,0.0,0.0,0.0,0.0,0.0,0.0,1938.0,0.0,0.0,0.0,0.0,0.0,0.0,0.0,8633.0,6656.0,7441.0,5667.0,7588.0,5530.0,3248.0,5974.0,5965.0,5763.0
2022-07-16 00:00:00,0.0,0.0,0.0,0.0,0.0,0.0,0.0,0.0,0.0,0.0,0.0,0.0,0.0,0.0,0.0,0.0,0.0,0.0,0.0,0.0,0.0,0.0,0.0,0.0,0.0,0.0,0.0,0.0,0.0,7580.0,5977.0,6587.0,5725.0,6926.0,5628.0,4226.0,5813.0,7333.0,4882.0
2022-07-17 00:00:00,0.0,0.0,0.0,0.0,0.0,0.0,0.0,0.0,0.0,0.0,0.0,0.0,0.0,0.0,0.0,0.0,0.0,0.0,0.0,0.0,0.0,0.0,0.0,0.0,0.0,0.0,0.0,0.0,0.0,0.0,0.0,0.0,0.0,0.0,0.0,0.0,0.0,0.0,0.0
2022-07-18 00:00:00,0.0,0.0,0.0,0.0,0.0,0.0,0.0,0.0,0.0,0.0,0.0,0.0,0.0,0.0,2832.0,0.0,0.0,0.0,0.0,0.0,0.0,1893.0,0.0,0.0,0.0,0.0,0.0,0.0,0.0,8491.0,6011.0,8123.0,5806.0,5763.0,5806.0,3073.0,5561.0,5704.0,5769.0
2022-07-19 00:00:00,0.0,0.0,0.0,0.0,0.0,0.0,0.0,0.0,0.0,0.0,0.0,0.0,0.0,0.0,2900.0,0.0,0.0,0.0,0.0,0.0,0.0,1705.0,0.0,0.0,0.0,0.0,0.0,0.0,0.0,8770.0,6473.0,7802.0,6033.0,6016.0,5644.0,3400.0,5194.0,5038.0,4960.0
2022-07-20 00:00:00,0.0,0.0,0.0,0.0,0.0,0.0,0.0,0.0,0.0,0.0,0.0,0.0,0.0,0.0,2870.0,0.0,0.0,0.0,0.0,0.0,0.0,1747.0,0.0,0.0,0.0,0.0,0.0,0.0,0.0,7095.0,5572.0,7901.0,5860.0,5105.0,5898.0,3255.0,5636.0,5616.0,4831.0
2022-07-21 00:00:00,0.0,0.0,0.0,0.0,0.0,0.0,0.0,0.0,0.0,0.0,0.0,0.0,0.0,0.0,2842.0,0.0,0.0,0.0,0.0,0.0,0.0,1701.0,0.0,0.0,0.0,0.0,0.0,0.0,0.0,8667.0,6252.0,7720.0,5744.0,5888.0,5877.0,0.0,5646.0,7519.0,4855.0
2022-07-22 00:00:00,0.0,0.0,0.0,0.0,0.0,0.0,0.0,0.0,0.0,0.0,0.0,0.0,0.0,0.0,2950.0,0.0,0.0,0.0,0.0,0.0,0.0,2000.0,0.0,0.0,0.0,0.0,0.0,0.0,0.0,6511.0,5853.0,0.0,5538.0,6273.0,5918.0,0.0,5946.0,5509.0,5377.0
2022-07-23 00:00:00,0.0,0.0,0.0,0.0,0.0,0.0,0.0,0.0,0.0,0.0,0.0,0.0,0.0,0.0,0.0,0.0,0.0,0.0,0.0,0.0,0.0,0.0,0.0,0.0,0.0,0.0,0.0,0.0,0.0,0.0,6032.0,7994.0,5827.0,7768.0,5863.0,0.0,5804.0,0.0,5069.0
2022-07-24 00:00:00,0.0,0.0,0.0,0.0,0.0,0.0,0.0,0.0,0.0,0.0,0.0,0.0,0.0,0.0,0.0,0.0,0.0,0.0,0.0,0.0,0.0,0.0,0.0,0.0,0.0,0.0,0.0,0.0,0.0,0.0,0.0,0.0,0.0,0.0,0.0,0.0,0.0,0.0,0.0
2022-07-25 00:00:00,0.0,0.0,0.0,0.0,0.0,0.0,0.0,0.0,0.0,0.0,0.0,0.0,0.0,0.0,2906.0,0.0,0.0,0.0,0.0,0.0,0.0,1751.0,0.0,0.0,0.0,0.0,0.0,0.0,0.0,6813.0,5752.0,7686.0,5823.0,6837.0,5535.0,0.0,5997.0,5758.0,6233.0
2022-07-26 00:00:00,0.0,0.0,0.0,0.0,0.0,0.0,0.0,0.0,0.0,0.0,0.0,0.0,0.0,0.0,2892.0,0.0,0.0,0.0,0.0,0.0,0.0,1709.0,0.0,0.0,0.0,0.0,0.0,0.0,0.0,6959.0,6149.0,7811.0,5867.0,6652.0,6421.0,0.0,6350.0,6068.0,6240.0
2022-07-27 00:00:00,0.0,0.0,0.0,0.0,0.0,0.0,0.0,0.0,0.0,0.0,0.0,0.0,0.0,0.0,2775.0,0.0,0.0,0.0,0.0,0.0,0.0,2000.0,0.0,0.0,0.0,0.0,0.0,0.0,0.0,8000.0,7167.0,8342.0,5941.0,8467.0,6385.0,0.0,6169.0,0.0,6676.0
2022-07-28 00:00:00,0.0,0.0,0.0,0.0,0.0,0.0,0.0,0.0,0.0,0.0,0.0,0.0,0.0,0.0,3017.0,0.0,0.0,0.0,0.0,0.0,0.0,1746.0,0.0,0.0,0.0,0.0,0.0,0.0,0.0,8598.0,6687.0,8000.0,5551.0,7778.0,6461.0,0.0,6621.0,0.0,5882.0
2022-07-29 00:00:00,0.0,0.0,0.0,0.0,0.0,0.0,0.0,0.0,0.0,0.0,0.0,0.0,0.0,0.0,2942.0,0.0,0.0,0.0,0.0,0.0,0.0,1728.0,0.0,0.0,0.0,0.0,0.0,0.0,0.0,7642.0,6361.0,7753.0,5994.0,0.0,0.0,0.0,6368.0,7726.0,5869.0
2022-07-30 00:00:00,0.0,0.0,0.0,0.0,0.0,0.0,0.0,0.0,0.0,0.0,0.0,0.0,0.0,0.0,0.0,0.0,0.0,0.0,0.0,0.0,0.0,0.0,0.0,0.0,0.0,0.0,0.0,0.0,0.0,0.0,6693.0,0.0,5265.0,6824.0,6544.0,4217.0,7017.0,0.0,4887.0
2022-07-31 00:00:00,0.0,0.0,0.0,0.0,0.0,0.0,0.0,0.0,0.0,0.0,0.0,0.0,0.0,0.0,0.0,0.0,0.0,0.0,0.0,0.0,0.0,0.0,0.0,0.0,0.0,0.0,0.0,0.0,0.0,0.0,0.0,0.0,0.0,0.0,0.0,0.0,0.0,0.0,0.0
2022-08-01 00:00:00,0.0,0.0,0.0,0.0,0.0,0.0,0.0,0.0,0.0,0.0,0.0,0.0,0.0,0.0,2873.0,0.0,0.0,0.0,0.0,0.0,0.0,1937.0,0.0,0.0,0.0,0.0,0.0,0.0,0.0,8298.0,6428.0,7226.0,5252.0,7392.0,6523.0,4494.0,6525.0,5080.0,5811.0
2022-08-02 00:00:00,0.0,0.0,0.0,0.0,0.0,0.0,0.0,0.0,0.0,0.0,0.0,0.0,0.0,0.0,2886.0,0.0,0.0,0.0,0.0,0.0,0.0,2020.0,0.0,0.0,0.0,0.0,0.0,0.0,0.0,6051.0,6598.0,7556.0,6896.0,7069.0,5871.0,3830.0,5660.0,5525.0,4954.0
2022-08-03 00:00:00,0.0,0.0,0.0,0.0,0.0,0.0,0.0,0.0,0.0,0.0,0.0,0.0,0.0,0.0,2877.0,0.0,0.0,0.0,0.0,0.0,0.0,1995.0,0.0,0.0,0.0,0.0,0.0,0.0,0.0,8466.0,6251.0,6833.0,6073.0,5198.0,6064.0,3175.0,5483.0,5535.0,5278.0
2022-08-04 00:00:00,0.0,0.0,0.0,0.0,0.0,0.0,0.0,0.0,0.0,0.0,0.0,0.0,0.0,0.0,2876.0,0.0,0.0,0.0,0.0,0.0,0.0,2008.0,0.0,0.0,0.0,0.0,0.0,0.0,0.0,8284.0,6578.0,7898.0,5741.0,7887.0,5634.0,0.0,5982.0,0.0,5984.0
2022-08-05 00:00:00,0.0,0.0,0.0,0.0,0.0,0.0,0.0,0.0,0.0,0.0,0.0,0.0,0.0,0.0,2794.0,0.0,0.0,0.0,0.0,0.0,0.0,1972.0,0.0,0.0,0.0,0.0,0.0,0.0,0.0,8328.0,6583.0,7393.0,6314.0,9021.0,5958.0,3479.0,6750.0,8030.0,5475.0
2022-08-06 00:00:00,0.0,0.0,0.0,0.0,0.0,0.0,0.0,0.0,0.0,0.0,0.0,0.0,0.0,0.0,0.0,0.0,0.0,0.0,0.0,0.0,0.0,0.0,0.0,0.0,0.0,0.0,0.0,0.0,0.0,0.0,0.0,0.0,0.0,0.0,0.0,0.0,0.0,0.0,0.0
2022-08-07 00:00:00,0.0,0.0,0.0,0.0,0.0,0.0,0.0,0.0,0.0,0.0,0.0,0.0,0.0,0.0,0.0,0.0,0.0,0.0,0.0,0.0,0.0,0.0,0.0,0.0,0.0,0.0,0.0,0.0,0.0,0.0,0.0,0.0,0.0,0.0,0.0,0.0,0.0,0.0,0.0
2022-08-08 00:00:00,0.0,0.0,0.0,0.0,0.0,0.0,0.0,0.0,0.0,0.0,0.0,0.0,0.0,0.0,2804.0,0.0,0.0,0.0,0.0,0.0,0.0,2096.0,0.0,0.0,0.0,0.0,0.0,0.0,0.0,8246.0,6353.0,6985.0,5623.0,6114.0,6296.0,6921.0,5597.0,5659.0,5637.0
2022-08-09 00:00:00,0.0,0.0,0.0,0.0,0.0,0.0,0.0,0.0,0.0,0.0,0.0,0.0,0.0,0.0,2800.0,0.0,0.0,0.0,0.0,0.0,0.0,2125.0,0.0,0.0,0.0,0.0,0.0,0.0,0.0,8307.0,5339.0,7225.0,5462.0,5000.0,5993.0,4578.0,6808.0,7904.0,5224.0
2022-08-10 00:00:00,0.0,0.0,0.0,0.0,0.0,0.0,0.0,0.0,0.0,0.0,0.0,0.0,0.0,0.0,2778.0,0.0,0.0,0.0,0.0,0.0,0.0,2125.0,0.0,0.0,0.0,0.0,0.0,0.0,0.0,8000.0,5883.0,7227.0,5536.0,7681.0,6334.0,3149.0,6105.0,0.0,5096.0
2022-08-11 00:00:00,0.0,0.0,0.0,0.0,0.0,0.0,0.0,0.0,0.0,0.0,0.0,0.0,0.0,0.0,2796.0,0.0,0.0,0.0,0.0,0.0,0.0,2125.0,0.0,0.0,0.0,0.0,0.0,0.0,0.0,8790.0,6260.0,6415.0,5755.0,9115.0,6040.0,0.0,6718.0,7193.0,5741.0
2022-08-12 00:00:00,0.0,0.0,0.0,0.0,0.0,0.0,0.0,0.0,0.0,0.0,0.0,0.0,0.0,0.0,2803.0,0.0,0.0,0.0,0.0,0.0,0.0,2192.0,0.0,0.0,0.0,0.0,0.0,0.0,0.0,8049.0,6155.0,7891.0,5803.0,8542.0,5675.0,6740.0,6310.0,8011.0,5275.0
2022-08-13 00:00:00,0.0,0.0,0.0,0.0,0.0,0.0,0.0,0.0,0.0,0.0,0.0,0.0,0.0,0.0,0.0,0.0,0.0,0.0,0.0,0.0,0.0,0.0,0.0,0.0,0.0,0.0,0.0,0.0,0.0,0.0,5986.0,8629.0,5693.0,8293.0,6023.0,3267.0,5454.0,7645.0,4549.0
2022-08-14 00:00:00,0.0,0.0,0.0,0.0,0.0,0.0,0.0,0.0,0.0,0.0,0.0,0.0,0.0,0.0,0.0,0.0,0.0,0.0,0.0,0.0,0.0,0.0,0.0,0.0,0.0,0.0,0.0,0.0,0.0,0.0,0.0,0.0,0.0,0.0,0.0,0.0,0.0,0.0,0.0
2022-08-15 00:00:00,0.0,0.0,0.0,0.0,0.0,0.0,0.0,0.0,0.0,0.0,0.0,0.0,0.0,0.0,0.0,0.0,0.0,0.0,0.0,0.0,0.0,0.0,0.0,0.0,0.0,0.0,0.0,0.0,0.0,9846.0,6199.0,7464.0,6214.0,7295.0,6125.0,4738.0,7346.0,0.0,4846.0
2022-08-16 00:00:00,0.0,0.0,0.0,0.0,0.0,0.0,0.0,0.0,0.0,0.0,0.0,0.0,0.0,0.0,2812.0,0.0,0.0,0.0,0.0,0.0,0.0,2475.0,0.0,0.0,0.0,0.0,0.0,0.0,0.0,8223.0,6814.0,7183.0,5896.0,6873.0,5855.0,4772.0,7353.0,5550.0,5599.0
2022-08-17 00:00:00,0.0,0.0,0.0,0.0,0.0,0.0,0.0,0.0,0.0,0.0,0.0,0.0,0.0,0.0,2783.0,0.0,0.0,0.0,0.0,0.0,0.0,2569.0,0.0,0.0,0.0,0.0,0.0,0.0,0.0,7167.0,6557.0,7257.0,5361.0,5576.0,6436.0,5809.0,6867.0,0.0,5031.0
2022-08-18 00:00:00,0.0,0.0,0.0,0.0,0.0,0.0,0.0,0.0,0.0,0.0,0.0,0.0,0.0,0.0,2784.0,0.0,0.0,0.0,0.0,0.0,0.0,2565.0,0.0,0.0,0.0,0.0,0.0,0.0,0.0,9206.0,6161.0,6815.0,6450.0,6381.0,5613.0,3500.0,5578.0,0.0,4912.0
2022-08-19 00:00:00,0.0,0.0,0.0,0.0,0.0,0.0,0.0,0.0,0.0,0.0,0.0,0.0,0.0,0.0,2796.0,0.0,0.0,0.0,0.0,0.0,0.0,2568.0,0.0,0.0,0.0,0.0,0.0,0.0,0.0,7461.0,5432.0,6932.0,4427.0,7715.0,5467.0,3528.0,5153.0,4360.0,4988.0
2022-08-20 00:00:00,0.0,0.0,0.0,0.0,0.0,0.0,0.0,0.0,0.0,0.0,0.0,0.0,0.0,0.0,0.0,0.0,0.0,0.0,0.0,0.0,0.0,0.0,0.0,0.0,0.0,0.0,0.0,0.0,0.0,6902.0,6327.0,7020.0,5643.0,7409.0,4989.0,0.0,5255.0,4200.0,4927.0
2022-08-21 00:00:00,0.0,0.0,0.0,0.0,0.0,0.0,0.0,0.0,0.0,0.0,0.0,0.0,0.0,0.0,0.0,0.0,0.0,0.0,0.0,0.0,0.0,0.0,0.0,0.0,0.0,0.0,0.0,0.0,0.0,0.0,0.0,0.0,0.0,0.0,0.0,0.0,0.0,0.0,0.0
2022-08-22 00:00:00,0.0,0.0,0.0,0.0,0.0,0.0,0.0,0.0,0.0,0.0,0.0,0.0,0.0,0.0,3078.0,0.0,0.0,0.0,0.0,0.0,0.0,2575.0,0.0,0.0,0.0,0.0,0.0,0.0,0.0,7638.0,6034.0,7108.0,5091.0,9407.0,6022.0,3957.0,6331.0,5690.0,5377.0
2022-08-23 00:00:00,0.0,0.0,0.0,0.0,0.0,0.0,0.0,0.0,0.0,0.0,0.0,0.0,0.0,0.0,3171.0,0.0,0.0,0.0,0.0,0.0,0.0,2567.0,0.0,0.0,0.0,0.0,0.0,0.0,0.0,7288.0,5375.0,7413.0,5518.0,9455.0,6215.0,4636.0,5679.0,5912.0,4911.0
2022-08-24 00:00:00,0.0,0.0,0.0,0.0,0.0,0.0,0.0,0.0,0.0,0.0,0.0,0.0,0.0,0.0,3195.0,0.0,0.0,0.0,0.0,0.0,0.0,2564.0,0.0,0.0,0.0,0.0,0.0,0.0,0.0,6950.0,5079.0,7340.0,5268.0,6121.0,6180.0,4000.0,5067.0,5365.0,4435.0
2022-08-25 00:00:00,0.0,0.0,0.0,0.0,0.0,0.0,0.0,0.0,0.0,0.0,0.0,0.0,0.0,0.0,3161.0,0.0,0.0,0.0,0.0,0.0,0.0,2574.0,0.0,0.0,0.0,0.0,0.0,0.0,0.0,7328.0,5287.0,7132.0,5368.0,7523.0,6052.0,4422.0,6561.0,5344.0,5303.0
2022-08-26 00:00:00,0.0,0.0,0.0,0.0,0.0,0.0,0.0,0.0,0.0,0.0,0.0,0.0,0.0,0.0,3085.0,0.0,0.0,0.0,0.0,0.0,0.0,2569.0,0.0,0.0,0.0,0.0,0.0,0.0,0.0,7494.0,6032.0,7369.0,4907.0,7394.0,6348.0,4718.0,7241.0,6184.0,5401.0
2022-08-27 00:00:00,0.0,0.0,0.0,0.0,0.0,0.0,0.0,0.0,0.0,0.0,0.0,0.0,0.0,0.0,0.0,0.0,0.0,0.0,0.0,0.0,0.0,0.0,0.0,0.0,0.0,0.0,0.0,0.0,0.0,0.0,5950.0,6631.0,5363.0,7314.0,5600.0,4065.0,6227.0,6237.0,4834.0
2022-08-28 00:00:00,0.0,0.0,0.0,0.0,0.0,0.0,0.0,0.0,0.0,0.0,0.0,0.0,0.0,0.0,0.0,0.0,0.0,0.0,0.0,0.0,0.0,0.0,0.0,0.0,0.0,0.0,0.0,0.0,0.0,0.0,0.0,0.0,0.0,0.0,0.0,0.0,0.0,0.0,0.0
2022-08-29 00:00:00,0.0,0.0,0.0,0.0,0.0,0.0,0.0,0.0,0.0,0.0,0.0,0.0,0.0,0.0,3067.0,0.0,0.0,0.0,0.0,0.0,0.0,2625.0,0.0,0.0,0.0,0.0,0.0,0.0,0.0,7415.0,5584.0,7377.0,5191.0,6857.0,6079.0,3616.0,5729.0,4910.0,4886.0
2022-08-30 00:00:00,0.0,0.0,0.0,0.0,0.0,0.0,0.0,0.0,0.0,0.0,0.0,0.0,0.0,0.0,3148.0,0.0,0.0,0.0,0.0,0.0,0.0,2625.0,0.0,0.0,0.0,0.0,0.0,0.0,0.0,6609.0,5788.0,7169.0,6106.0,7414.0,6427.0,3625.0,5310.0,5378.0,5127.0
2022-08-31 00:00:00,0.0,0.0,0.0,0.0,0.0,0.0,0.0,0.0,0.0,0.0,0.0,0.0,0.0,0.0,3167.0,0.0,0.0,0.0,0.0,0.0,0.0,0.0,0.0,0.0,0.0,0.0,0.0,0.0,0.0,6950.0,6198.0,6318.0,5433.0,6403.0,5982.0,2882.0,6032.0,0.0,5069.0
2022-09-01 00:00:00,0.0,0.0,0.0,0.0,0.0,0.0,0.0,0.0,0.0,0.0,0.0,0.0,0.0,0.0,3229.0,0.0,0.0,0.0,0.0,0.0,0.0,0.0,0.0,0.0,0.0,0.0,0.0,0.0,0.0,6420.0,5457.0,6813.0,5303.0,4200.0,5545.0,4504.0,6580.0,0.0,4728.0
2022-09-02 00:00:00,0.0,0.0,0.0,0.0,0.0,0.0,0.0,0.0,0.0,0.0,0.0,0.0,0.0,0.0,3079.0,0.0,0.0,0.0,0.0,0.0,0.0,2625.0,0.0,0.0,0.0,0.0,0.0,0.0,0.0,5881.0,6595.0,7259.0,5515.0,7882.0,5266.0,4900.0,5927.0,0.0,4946.0
2022-09-03 00:00:00,0.0,0.0,0.0,0.0,0.0,0.0,0.0,0.0,0.0,0.0,0.0,0.0,0.0,0.0,0.0,0.0,0.0,0.0,0.0,0.0,0.0,0.0,0.0,0.0,0.0,0.0,0.0,0.0,0.0,10000.0,6950.0,7182.0,6751.0,8824.0,6000.0,0.0,5976.0,5200.0,4469.0
2022-09-04 00:00:00,0.0,0.0,0.0,0.0,0.0,0.0,0.0,0.0,0.0,0.0,0.0,0.0,0.0,0.0,0.0,0.0,0.0,0.0,0.0,0.0,0.0,0.0,0.0,0.0,0.0,0.0,0.0,0.0,0.0,0.0,0.0,0.0,0.0,0.0,0.0,0.0,0.0,0.0,0.0
2022-09-05 00:00:00,0.0,0.0,0.0,0.0,0.0,0.0,0.0,0.0,0.0,0.0,0.0,0.0,0.0,0.0,3125.0,0.0,0.0,0.0,0.0,0.0,0.0,2750.0,0.0,0.0,0.0,0.0,0.0,0.0,0.0,7583.0,6615.0,7521.0,5972.0,6297.0,5999.0,0.0,6343.0,0.0,5344.0
2022-09-06 00:00:00,0.0,0.0,0.0,0.0,0.0,0.0,0.0,0.0,0.0,0.0,0.0,0.0,0.0,0.0,3116.0,0.0,0.0,0.0,0.0,0.0,0.0,2750.0,0.0,0.0,0.0,0.0,0.0,0.0,0.0,5714.0,4385.0,5319.0,5030.0,6282.0,5434.0,3030.0,6050.0,3918.0,5073.0
2022-09-07 00:00:00,0.0,0.0,0.0,0.0,0.0,0.0,0.0,0.0,0.0,0.0,0.0,0.0,0.0,0.0,3100.0,0.0,0.0,0.0,0.0,0.0,0.0,2750.0,0.0,0.0,0.0,0.0,0.0,0.0,0.0,6456.0,4545.0,6702.0,4810.0,4100.0,5095.0,3429.0,6418.0,5156.0,4472.0
2022-09-08 00:00:00,0.0,0.0,0.0,0.0,0.0,0.0,0.0,0.0,0.0,0.0,0.0,0.0,0.0,0.0,3138.0,0.0,0.0,0.0,0.0,0.0,0.0,2750.0,0.0,0.0,0.0,0.0,0.0,0.0,0.0,6493.0,6226.0,7527.0,5788.0,7917.0,4752.0,2000.0,6699.0,7000.0,4071.0
2022-09-09 00:00:00,0.0,0.0,0.0,0.0,0.0,0.0,0.0,0.0,0.0,0.0,0.0,0.0,0.0,0.0,0.0,0.0,0.0,0.0,0.0,0.0,0.0,0.0,0.0,0.0,0.0,0.0,0.0,0.0,0.0,10000.0,6068.0,4928.0,4420.0,6403.0,4532.0,3246.0,4713.0,0.0,4302.0
2022-09-10 00:00:00,0.0,0.0,0.0,0.0,0.0,0.0,0.0,0.0,0.0,0.0,0.0,0.0,0.0,0.0,0.0,0.0,0.0,0.0,0.0,0.0,0.0,0.0,0.0,0.0,0.0,0.0,0.0,0.0,0.0,0.0,0.0,0.0,0.0,0.0,0.0,0.0,0.0,0.0,0.0
2022-09-11 00:00:00,0.0,0.0,0.0,0.0,0.0,0.0,0.0,0.0,0.0,0.0,0.0,0.0,0.0,0.0,0.0,0.0,0.0,0.0,0.0,0.0,0.0,0.0,0.0,0.0,0.0,0.0,0.0,0.0,0.0,0.0,0.0,0.0,0.0,0.0,0.0,0.0,0.0,0.0,0.0
2022-09-12 00:00:00,0.0,0.0,0.0,0.0,0.0,0.0,0.0,0.0,0.0,0.0,0.0,0.0,0.0,0.0,0.0,0.0,0.0,0.0,0.0,0.0,0.0,0.0,0.0,0.0,0.0,0.0,0.0,0.0,0.0,0.0,0.0,0.0,0.0,0.0,0.0,0.0,0.0,0.0,0.0
2022-09-13 00:00:00,0.0,0.0,0.0,0.0,0.0,0.0,0.0,0.0,0.0,0.0,0.0,0.0,0.0,0.0,3438.0,0.0,0.0,0.0,0.0,0.0,0.0,3233.0,0.0,0.0,0.0,0.0,0.0,0.0,0.0,6710.0,5414.0,7035.0,4991.0,4720.0,5343.0,0.0,6121.0,3600.0,5110.0
2022-09-14 00:00:00,0.0,0.0,0.0,0.0,0.0,0.0,0.0,0.0,0.0,0.0,0.0,0.0,0.0,0.0,3415.0,0.0,0.0,0.0,0.0,0.0,0.0,3375.0,0.0,0.0,0.0,0.0,0.0,0.0,0.0,6800.0,5953.0,7393.0,4747.0,7076.0,5722.0,2800.0,5238.0,5890.0,4693.0
2022-09-15 00:00:00,0.0,0.0,0.0,0.0,0.0,0.0,0.0,0.0,0.0,0.0,0.0,0.0,0.0,0.0,3450.0,0.0,0.0,0.0,0.0,0.0,0.0,3375.0,0.0,0.0,0.0,0.0,0.0,0.0,0.0,6884.0,5158.0,6289.0,5719.0,5283.0,5763.0,2995.0,6389.0,0.0,5519.0
2022-09-16 00:00:00,0.0,0.0,0.0,0.0,0.0,0.0,0.0,0.0,0.0,0.0,0.0,0.0,0.0,0.0,3451.0,0.0,0.0,0.0,0.0,0.0,0.0,3375.0,0.0,0.0,0.0,0.0,0.0,0.0,0.0,6439.0,5754.0,5521.0,5006.0,5919.0,5481.0,3848.0,5990.0,0.0,4916.0
2022-09-17 00:00:00,0.0,0.0,0.0,0.0,0.0,0.0,0.0,0.0,0.0,0.0,0.0,0.0,0.0,0.0,0.0,0.0,0.0,0.0,0.0,0.0,0.0,0.0,0.0,0.0,0.0,0.0,0.0,0.0,0.0,0.0,4995.0,7286.0,4654.0,0.0,0.0,3625.0,6024.0,6000.0,5113.0
2022-09-18 00:00:00,0.0,0.0,0.0,0.0,0.0,0.0,0.0,0.0,0.0,0.0,0.0,0.0,0.0,0.0,0.0,0.0,0.0,0.0,0.0,0.0,0.0,0.0,0.0,0.0,0.0,0.0,0.0,0.0,0.0,0.0,0.0,0.0,0.0,0.0,0.0,0.0,0.0,0.0,0.0
2022-09-19 00:00:00,0.0,0.0,0.0,0.0,0.0,0.0,0.0,0.0,0.0,0.0,0.0,0.0,0.0,0.0,3576.0,0.0,0.0,0.0,0.0,0.0,0.0,3375.0,0.0,0.0,0.0,0.0,0.0,0.0,0.0,8314.0,4404.0,7249.0,4319.0,6454.0,5007.0,3496.0,5435.0,0.0,4763.0
2022-09-20 00:00:00,0.0,0.0,0.0,0.0,0.0,0.0,0.0,0.0,0.0,0.0,0.0,0.0,0.0,0.0,3705.0,0.0,0.0,0.0,0.0,0.0,0.0,3375.0,0.0,0.0,0.0,0.0,0.0,0.0,0.0,7188.0,5694.0,7304.0,4978.0,6433.0,4975.0,3320.0,5442.0,5800.0,4622.0
2022-09-21 00:00:00,0.0,0.0,0.0,0.0,0.0,0.0,0.0,0.0,0.0,0.0,0.0,0.0,0.0,0.0,3623.0,0.0,0.0,0.0,0.0,0.0,0.0,3375.0,0.0,0.0,0.0,0.0,0.0,0.0,0.0,8261.0,5981.0,7919.0,4833.0,6113.0,5812.0,3429.0,4870.0,4094.0,4492.0
2022-09-22 00:00:00,0.0,0.0,0.0,0.0,0.0,0.0,0.0,0.0,0.0,0.0,0.0,0.0,0.0,0.0,3800.0,0.0,0.0,0.0,0.0,0.0,0.0,3375.0,0.0,0.0,0.0,0.0,0.0,0.0,0.0,7682.0,5397.0,7195.0,4291.0,3553.0,5085.0,3622.0,5124.0,3706.0,3964.0
2022-09-23 00:00:00,0.0,0.0,0.0,0.0,0.0,0.0,0.0,0.0,0.0,0.0,0.0,0.0,0.0,0.0,3800.0,0.0,0.0,0.0,0.0,0.0,0.0,3375.0,0.0,0.0,0.0,0.0,0.0,0.0,0.0,8326.0,5668.0,7914.0,3824.0,6561.0,4638.0,3300.0,5780.0,0.0,4328.0
2022-09-24 00:00:00,0.0,0.0,0.0,0.0,0.0,0.0,0.0,0.0,0.0,0.0,0.0,0.0,0.0,0.0,0.0,0.0,0.0,0.0,0.0,0.0,0.0,0.0,0.0,0.0,0.0,0.0,0.0,0.0,0.0,0.0,5432.0,8558.0,3208.0,4474.0,3860.0,3890.0,4528.0,0.0,3686.0
2022-09-25 00:00:00,0.0,0.0,0.0,0.0,0.0,0.0,0.0,0.0,0.0,0.0,0.0,0.0,0.0,0.0,0.0,0.0,0.0,0.0,0.0,0.0,0.0,0.0,0.0,0.0,0.0,0.0,0.0,0.0,0.0,0.0,0.0,0.0,0.0,0.0,0.0,0.0,0.0,0.0,0.0
2022-09-26 00:00:00,0.0,0.0,0.0,0.0,0.0,0.0,0.0,0.0,0.0,0.0,0.0,0.0,0.0,0.0,3760.0,0.0,0.0,0.0,0.0,0.0,0.0,0.0,0.0,0.0,0.0,0.0,0.0,0.0,0.0,4597.0,5072.0,5480.0,3994.0,3874.0,3889.0,3017.0,4133.0,0.0,3981.0
2022-09-27 00:00:00,0.0,0.0,0.0,0.0,0.0,0.0,0.0,0.0,0.0,0.0,0.0,0.0,0.0,0.0,3775.0,0.0,0.0,0.0,0.0,0.0,0.0,0.0,0.0,0.0,0.0,0.0,0.0,0.0,0.0,7466.0,5251.0,5248.0,3781.0,7131.0,4099.0,10000.0,5492.0,4733.0,4046.0
2022-09-28 00:00:00,0.0,0.0,0.0,0.0,0.0,0.0,0.0,0.0,0.0,0.0,0.0,0.0,0.0,0.0,3768.0,0.0,0.0,0.0,0.0,0.0,0.0,0.0,0.0,0.0,0.0,0.0,0.0,0.0,0.0,7367.0,4893.0,4669.0,3681.0,6531.0,4142.0,3750.0,3904.0,0.0,4147.0
2022-09-29 00:00:00,0.0,0.0,0.0,0.0,0.0,0.0,0.0,0.0,0.0,0.0,0.0,0.0,0.0,0.0,3760.0,0.0,0.0,0.0,0.0,0.0,0.0,3000.0,0.0,0.0,0.0,0.0,0.0,0.0,0.0,8172.0,4025.0,5287.0,3777.0,5211.0,4480.0,3783.0,4232.0,0.0,3995.0
2022-09-30 00:00:00,0.0,0.0,0.0,0.0,0.0,0.0,0.0,0.0,0.0,0.0,0.0,0.0,0.0,0.0,3769.0,0.0,0.0,0.0,0.0,0.0,0.0,0.0,0.0,0.0,0.0,0.0,0.0,0.0,0.0,4203.0,4712.0,4767.0,4375.0,4231.0,3318.0,2730.0,2949.0,7145.0,2911.0
2022-10-01 00:00:00,0.0,0.0,0.0,0.0,0.0,0.0,0.0,0.0,0.0,0.0,0.0,0.0,0.0,0.0,0.0,0.0,0.0,0.0,0.0,0.0,0.0,0.0,0.0,0.0,0.0,0.0,0.0,0.0,0.0,5215.0,4114.0,1826.0,2914.0,3503.0,2500.0,4867.0,4151.0,1244.0,2473.0
2022-10-02 00:00:00,0.0,0.0,0.0,0.0,0.0,0.0,0.0,0.0,0.0,0.0,0.0,0.0,0.0,0.0,0.0,0.0,0.0,0.0,0.0,0.0,0.0,0.0,0.0,0.0,0.0,0.0,0.0,0.0,0.0,0.0,0.0,0.0,0.0,0.0,0.0,0.0,0.0,0.0,0.0
2022-10-03 00:00:00,0.0,0.0,0.0,0.0,0.0,0.0,0.0,0.0,0.0,0.0,0.0,0.0,0.0,0.0,0.0,0.0,0.0,0.0,0.0,0.0,0.0,0.0,0.0,0.0,0.0,0.0,0.0,0.0,0.0,1454.0,3386.0,2886.0,2896.0,2021.0,3067.0,2188.0,2930.0,1041.0,2342.0
2022-10-04 00:00:00,0.0,0.0,0.0,0.0,0.0,0.0,0.0,0.0,0.0,0.0,0.0,0.0,0.0,0.0,3751.0,0.0,0.0,0.0,0.0,0.0,0.0,3375.0,0.0,0.0,0.0,0.0,0.0,0.0,0.0,2858.0,3120.0,2652.0,2485.0,1712.0,2543.0,1756.0,2272.0,1319.0,2141.0
2022-10-05 00:00:00,0.0,0.0,0.0,0.0,0.0,0.0,0.0,0.0,0.0,0.0,0.0,0.0,0.0,0.0,3768.0,0.0,0.0,0.0,0.0,0.0,0.0,3375.0,0.0,0.0,0.0,0.0,0.0,0.0,0.0,1790.0,3211.0,1865.0,2332.0,1086.0,2281.0,1924.0,2698.0,945.0,1778.0
2022-10-06 00:00:00,0.0,0.0,0.0,0.0,0.0,0.0,0.0,0.0,0.0,0.0,0.0,0.0,0.0,0.0,3810.0,0.0,0.0,0.0,0.0,0.0,0.0,3375.0,0.0,0.0,0.0,0.0,0.0,0.0,0.0,1858.0,2957.0,2260.0,2151.0,1496.0,2288.0,1941.0,2915.0,1000.0,2050.0
2022-10-07 00:00:00,0.0,0.0,0.0,0.0,0.0,0.0,0.0,0.0,0.0,0.0,0.0,0.0,0.0,0.0,3766.0,0.0,0.0,0.0,0.0,0.0,0.0,3375.0,0.0,0.0,0.0,0.0,0.0,0.0,0.0,2031.0,3500.0,2546.0,2107.0,2393.0,2711.0,1809.0,2798.0,2990.0,2350.0
2022-10-08 00:00:00,0.0,0.0,0.0,0.0,0.0,0.0,0.0,0.0,0.0,0.0,0.0,0.0,0.0,0.0,0.0,0.0,0.0,0.0,0.0,0.0,0.0,0.0,0.0,0.0,0.0,0.0,0.0,0.0,0.0,1950.0,3057.0,1529.0,2286.0,2419.0,2235.0,1794.0,2645.0,1838.0,2285.0
2022-10-09 00:00:00,0.0,0.0,0.0,0.0,0.0,0.0,0.0,0.0,0.0,0.0,0.0,0.0,0.0,0.0,0.0,0.0,0.0,0.0,0.0,0.0,0.0,0.0,0.0,0.0,0.0,0.0,0.0,0.0,0.0,0.0,0.0,0.0,0.0,0.0,0.0,0.0,0.0,0.0,0.0
2022-10-10 00:00:00,0.0,0.0,0.0,0.0,0.0,0.0,0.0,0.0,0.0,0.0,0.0,0.0,0.0,0.0,0.0,0.0,0.0,0.0,0.0,0.0,0.0,0.0,0.0,0.0,0.0,0.0,0.0,0.0,0.0,1570.0,2183.0,1926.0,2220.0,2507.0,2553.0,2394.0,3041.0,2545.0,2374.0
2022-10-11 00:00:00,0.0,0.0,0.0,0.0,0.0,0.0,0.0,0.0,0.0,0.0,0.0,0.0,0.0,0.0,3786.0,0.0,0.0,0.0,0.0,0.0,0.0,3928.0,0.0,0.0,0.0,0.0,0.0,0.0,0.0,2918.0,2931.0,3326.0,2318.0,3500.0,2845.0,3957.0,3124.0,5399.0,2534.0
2022-10-12 00:00:00,0.0,0.0,0.0,0.0,0.0,0.0,0.0,0.0,0.0,0.0,0.0,0.0,0.0,0.0,3763.0,0.0,0.0,0.0,0.0,0.0,0.0,4125.0,0.0,0.0,0.0,0.0,0.0,0.0,0.0,1916.0,3216.0,2697.0,2472.0,2048.0,2857.0,2000.0,2490.0,2272.0,2393.0
2022-10-13 00:00:00,0.0,0.0,0.0,0.0,0.0,0.0,0.0,0.0,0.0,0.0,0.0,0.0,0.0,0.0,3882.0,0.0,0.0,0.0,0.0,0.0,0.0,4125.0,0.0,0.0,0.0,0.0,0.0,0.0,0.0,2215.0,3076.0,2603.0,2415.0,2706.0,2720.0,3279.0,2134.0,2179.0,2467.0
2022-10-14 00:00:00,0.0,0.0,0.0,0.0,0.0,0.0,0.0,0.0,0.0,0.0,0.0,0.0,0.0,0.0,3726.0,0.0,0.0,0.0,0.0,0.0,0.0,4125.0,0.0,0.0,0.0,0.0,0.0,0.0,0.0,2389.0,2896.0,2141.0,2275.0,2440.0,2349.0,2127.0,2023.0,1487.0,2094.0
2022-10-15 00:00:00,0.0,0.0,0.0,0.0,0.0,0.0,0.0,0.0,0.0,0.0,0.0,0.0,0.0,0.0,0.0,0.0,0.0,0.0,0.0,0.0,0.0,0.0,0.0,0.0,0.0,0.0,0.0,0.0,0.0,1766.0,2647.0,1654.0,1982.0,2266.0,1966.0,1631.0,2040.0,1553.0,1175.0
2022-10-16 00:00:00,0.0,0.0,0.0,0.0,0.0,0.0,0.0,0.0,0.0,0.0,0.0,0.0,0.0,0.0,0.0,0.0,0.0,0.0,0.0,0.0,0.0,0.0,0.0,0.0,0.0,0.0,0.0,0.0,0.0,0.0,0.0,0.0,0.0,0.0,0.0,0.0,0.0,0.0,0.0
2022-10-17 00:00:00,0.0,0.0,0.0,0.0,0.0,0.0,0.0,0.0,0.0,0.0,0.0,0.0,0.0,0.0,3757.0,0.0,0.0,0.0,0.0,0.0,0.0,5715.0,0.0,0.0,0.0,0.0,0.0,0.0,0.0,1643.0,2028.0,1491.0,1727.0,1825.0,2002.0,2191.0,1886.0,2236.0,1604.0
2022-10-18 00:00:00,0.0,0.0,0.0,0.0,0.0,0.0,0.0,0.0,0.0,0.0,0.0,0.0,0.0,0.0,3812.0,0.0,0.0,0.0,0.0,0.0,0.0,3667.0,0.0,0.0,0.0,0.0,0.0,0.0,0.0,1074.0,1871.0,1568.0,2159.0,1600.0,1590.0,2515.0,1700.0,2239.0,1464.0
2022-10-19 00:00:00,2271.0,0.0,0.0,0.0,0.0,0.0,0.0,1625.0,0.0,0.0,0.0,0.0,0.0,0.0,3814.0,0.0,0.0,0.0,0.0,0.0,0.0,0.0,0.0,0.0,0.0,0.0,0.0,0.0,0.0,997.0,1807.0,1279.0,2257.0,1627.0,1676.0,2133.0,1670.0,1505.0,1021.0
2022-10-20 00:00:00,0.0,0.0,0.0,0.0,0.0,0.0,0.0,0.0,0.0,0.0,0.0,0.0,0.0,0.0,3800.0,0.0,0.0,0.0,0.0,0.0,0.0,3667.0,0.0,0.0,0.0,0.0,0.0,0.0,0.0,969.0,1676.0,1236.0,1374.0,1857.0,1878.0,1092.0,1361.0,1236.0,1142.0
2022-10-21 00:00:00,0.0,0.0,0.0,0.0,0.0,0.0,0.0,0.0,0.0,0.0,0.0,0.0,0.0,0.0,3773.0,0.0,0.0,0.0,0.0,0.0,0.0,3667.0,0.0,0.0,0.0,0.0,0.0,0.0,0.0,1491.0,1846.0,1091.0,1414.0,2028.0,1942.0,1122.0,1326.0,1896.0,1323.0
2022-10-22 00:00:00,0.0,0.0,0.0,0.0,0.0,0.0,0.0,0.0,0.0,0.0,0.0,0.0,0.0,0.0,0.0,0.0,0.0,0.0,0.0,0.0,0.0,0.0,0.0,0.0,0.0,0.0,0.0,0.0,0.0,1683.0,2274.0,1374.0,1451.0,1903.0,1776.0,1768.0,1423.0,1824.0,1497.0
2022-10-23 00:00:00,0.0,0.0,0.0,0.0,0.0,0.0,0.0,0.0,0.0,0.0,0.0,0.0,0.0,0.0,0.0,0.0,0.0,0.0,0.0,0.0,0.0,0.0,0.0,0.0,0.0,0.0,0.0,0.0,0.0,0.0,0.0,0.0,0.0,0.0,0.0,0.0,0.0,0.0,0.0
2022-10-24 00:00:00,4938.0,0.0,0.0,0.0,0.0,0.0,0.0,5750.0,0.0,0.0,0.0,0.0,0.0,0.0,3762.0,0.0,0.0,0.0,0.0,0.0,0.0,3814.0,0.0,0.0,0.0,0.0,0.0,0.0,0.0,1371.0,1982.0,1401.0,2007.0,1930.0,1476.0,1616.0,1392.0,1874.0,1234.0
2022-10-25 00:00:00,4938.0,0.0,2625.0,0.0,0.0,0.0,0.0,5562.0,0.0,0.0,0.0,0.0,0.0,0.0,3800.0,0.0,0.0,0.0,0.0,0.0,0.0,3222.0,0.0,0.0,0.0,0.0,0.0,0.0,0.0,1144.0,1956.0,1243.0,1530.0,1454.0,1506.0,1351.0,1305.0,1523.0,1094.0
2022-10-26 00:00:00,5019.0,0.0,0.0,0.0,0.0,0.0,0.0,4508.0,0.0,1250.0,0.0,0.0,0.0,0.0,3800.0,0.0,0.0,0.0,0.0,0.0,0.0,3625.0,0.0,0.0,0.0,0.0,0.0,0.0,0.0,1650.0,1395.0,1114.0,1518.0,1997.0,1600.0,1749.0,1443.0,1471.0,1057.0
2022-10-27 00:00:00,4367.0,0.0,0.0,0.0,0.0,0.0,0.0,4118.0,0.0,0.0,0.0,0.0,0.0,0.0,3800.0,0.0,0.0,0.0,0.0,0.0,0.0,3222.0,0.0,0.0,0.0,0.0,0.0,0.0,0.0,1090.0,1655.0,921.0,1370.0,1705.0,1691.0,978.0,1393.0,1214.0,1142.0
2022-10-28 00:00:00,4651.0,4541.0,0.0,0.0,0.0,0.0,0.0,4761.0,0.0,1625.0,0.0,0.0,0.0,0.0,3630.0,0.0,0.0,0.0,0.0,0.0,0.0,3625.0,0.0,0.0,0.0,0.0,0.0,0.0,0.0,1188.0,1751.0,1365.0,1294.0,1631.0,1527.0,1495.0,1441.0,1319.0,1015.0
2022-10-29 00:00:00,4890.0,4140.0,0.0,0.0,0.0,0.0,0.0,4406.0,0.0,0.0,0.0,0.0,0.0,0.0,0.0,0.0,0.0,0.0,0.0,0.0,0.0,0.0,0.0,0.0,0.0,0.0,0.0,0.0,0.0,1035.0,1680.0,1253.0,1301.0,1651.0,1485.0,1039.0,1251.0,1430.0,957.0
2022-10-30 00:00:00,0.0,0.0,0.0,0.0,0.0,0.0,0.0,0.0,0.0,0.0,0.0,0.0,0.0,0.0,0.0,0.0,0.0,0.0,0.0,0.0,0.0,0.0,0.0,0.0,0.0,0.0,0.0,0.0,0.0,0.0,0.0,0.0,0.0,0.0,0.0,0.0,0.0,0.0,0.0
2022-10-31 00:00:00,3761.0,0.0,0.0,0.0,0.0,0.0,0.0,3306.0,3750.0,1552.0,0.0,0.0,0.0,0.0,3640.0,0.0,0.0,0.0,0.0,0.0,0.0,3625.0,0.0,0.0,0.0,0.0,0.0,0.0,0.0,1305.0,1709.0,1610.0,1482.0,2124.0,1559.0,1337.0,1683.0,1755.0,1308.0
2022-11-01 00:00:00,3010.0,3015.0,0.0,0.0,0.0,0.0,3051.0,3200.0,3283.0,1375.0,0.0,0.0,0.0,0.0,3686.0,0.0,0.0,0.0,0.0,0.0,0.0,3625.0,0.0,0.0,0.0,0.0,0.0,0.0,0.0,1085.0,1746.0,1024.0,1461.0,1800.0,1472.0,1019.0,1563.0,1564.0,1014.0
2022-11-02 00:00:00,2987.0,3025.0,2812.0,0.0,0.0,0.0,3156.0,3346.0,0.0,0.0,0.0,0.0,0.0,0.0,3600.0,0.0,0.0,0.0,0.0,0.0,0.0,3625.0,0.0,0.0,0.0,0.0,0.0,0.0,0.0,1058.0,1811.0,1231.0,1250.0,1792.0,1455.0,897.0,1546.0,1323.0,948.0
2022-11-03 00:00:00,2947.0,3350.0,1833.0,0.0,0.0,0.0,3172.0,3174.0,3375.0,0.0,0.0,0.0,0.0,0.0,3643.0,0.0,0.0,0.0,0.0,0.0,0.0,3625.0,0.0,0.0,0.0,0.0,0.0,0.0,0.0,1084.0,1567.0,1138.0,1207.0,1721.0,1326.0,899.0,1217.0,1354.0,889.0
2022-11-04 00:00:00,3265.0,3892.0,0.0,0.0,1375.0,0.0,3277.0,3401.0,0.0,1125.0,0.0,0.0,0.0,0.0,3646.0,0.0,0.0,0.0,0.0,0.0,0.0,3625.0,0.0,0.0,0.0,0.0,0.0,0.0,0.0,922.0,1603.0,1043.0,1318.0,1928.0,1257.0,1812.0,1333.0,1535.0,1099.0
2022-11-05 00:00:00,3523.0,4235.0,0.0,0.0,1417.0,0.0,2949.0,3112.0,3375.0,0.0,0.0,0.0,0.0,0.0,0.0,0.0,0.0,0.0,0.0,0.0,0.0,0.0,0.0,0.0,0.0,0.0,0.0,0.0,0.0,899.0,1845.0,1032.0,1388.0,2087.0,1286.0,766.0,1332.0,1430.0,1014.0
2022-11-06 00:00:00,0.0,0.0,0.0,0.0,0.0,0.0,0.0,0.0,0.0,0.0,0.0,0.0,0.0,0.0,0.0,0.0,0.0,0.0,0.0,0.0,0.0,0.0,0.0,0.0,0.0,0.0,0.0,0.0,0.0,0.0,0.0,0.0,0.0,0.0,0.0,0.0,0.0,0.0,0.0
2022-11-07 00:00:00,3466.0,3569.0,0.0,0.0,1832.0,0.0,2822.0,2982.0,3011.0,1420.0,0.0,0.0,0.0,0.0,3625.0,0.0,0.0,0.0,0.0,0.0,0.0,3061.0,0.0,0.0,575.0,0.0,0.0,0.0,615.0,1364.0,1760.0,1470.0,1442.0,2259.0,1981.0,1298.0,1450.0,1800.0,1246.0
2022-11-08 00:00:00,3329.0,3304.0,2125.0,0.0,1688.0,0.0,3160.0,3179.0,0.0,0.0,0.0,0.0,0.0,0.0,3629.0,0.0,0.0,0.0,0.0,0.0,0.0,2750.0,0.0,0.0,0.0,0.0,0.0,0.0,0.0,1219.0,1858.0,1291.0,1496.0,2184.0,1591.0,1406.0,1699.0,1857.0,1282.0
2022-11-09 00:00:00,3385.0,3199.0,2756.0,0.0,1694.0,0.0,3639.0,3538.0,0.0,0.0,0.0,0.0,0.0,0.0,3627.0,0.0,0.0,0.0,0.0,0.0,0.0,2750.0,0.0,0.0,0.0,0.0,0.0,0.0,0.0,1346.0,1852.0,1503.0,1649.0,2103.0,1761.0,1600.0,1651.0,1873.0,1314.0
2022-11-10 00:00:00,3515.0,3391.0,2062.0,0.0,1555.0,0.0,3131.0,3354.0,2658.0,1750.0,0.0,0.0,1100.0,0.0,3614.0,0.0,0.0,0.0,0.0,0.0,0.0,2750.0,0.0,0.0,0.0,0.0,0.0,0.0,0.0,1117.0,1907.0,1357.0,1481.0,1833.0,1555.0,1176.0,1685.0,1623.0,1311.0
2022-11-11 00:00:00,3331.0,3476.0,2719.0,0.0,2302.0,0.0,2987.0,3227.0,0.0,0.0,0.0,0.0,0.0,0.0,3613.0,0.0,0.0,0.0,0.0,0.0,0.0,2750.0,0.0,0.0,0.0,0.0,0.0,0.0,0.0,1213.0,2077.0,1279.0,1477.0,2076.0,1881.0,1064.0,1366.0,1570.0,1178.0
2022-11-12 00:00:00,2751.0,2869.0,2213.0,0.0,2026.0,0.0,2373.0,2678.0,2812.0,1750.0,0.0,0.0,0.0,0.0,0.0,0.0,0.0,0.0,0.0,0.0,0.0,0.0,0.0,0.0,0.0,0.0,0.0,0.0,0.0,1797.0,1505.0,888.0,1381.0,2229.0,1539.0,1082.0,1459.0,1594.0,1340.0
2022-11-13 00:00:00,0.0,0.0,0.0,0.0,0.0,0.0,0.0,0.0,0.0,0.0,0.0,0.0,0.0,0.0,0.0,0.0,0.0,0.0,0.0,0.0,0.0,0.0,0.0,0.0,0.0,0.0,0.0,0.0,0.0,0.0,0.0,0.0,0.0,0.0,0.0,0.0,0.0,0.0,0.0
2022-11-14 00:00:00,2218.0,2324.0,1845.0,0.0,1468.0,0.0,1576.0,1941.0,1800.0,1181.0,0.0,0.0,0.0,0.0,3626.0,0.0,0.0,0.0,0.0,0.0,0.0,2750.0,0.0,0.0,0.0,0.0,0.0,0.0,0.0,1424.0,2059.0,1611.0,1575.0,1913.0,1632.0,1150.0,1778.0,1621.0,1430.0
2022-11-15 00:00:00,1911.0,2150.0,1180.0,0.0,1500.0,0.0,1427.0,1845.0,2030.0,1375.0,0.0,0.0,0.0,0.0,3660.0,0.0,0.0,0.0,0.0,0.0,0.0,2750.0,0.0,0.0,0.0,0.0,0.0,0.0,0.0,1254.0,2031.0,1591.0,1795.0,2421.0,1434.0,1111.0,1567.0,2343.0,1184.0
2022-11-16 00:00:00,1671.0,1771.0,1205.0,0.0,1421.0,0.0,1420.0,1645.0,1180.0,0.0,0.0,0.0,0.0,0.0,3600.0,0.0,0.0,0.0,0.0,0.0,0.0,2750.0,0.0,0.0,0.0,0.0,0.0,0.0,0.0,1338.0,2065.0,1732.0,1816.0,2526.0,2074.0,1307.0,1891.0,2365.0,1578.0
2022-11-17 00:00:00,1741.0,1531.0,1461.0,0.0,1375.0,0.0,1527.0,1771.0,1802.0,0.0,0.0,0.0,0.0,0.0,3620.0,0.0,0.0,0.0,0.0,0.0,0.0,2750.0,0.0,0.0,0.0,0.0,0.0,0.0,0.0,1289.0,1870.0,1370.0,2144.0,2451.0,1958.0,1074.0,1954.0,2030.0,1520.0
2022-11-18 00:00:00,1773.0,1655.0,993.0,0.0,1546.0,0.0,1945.0,1799.0,2000.0,0.0,0.0,0.0,0.0,0.0,3610.0,0.0,0.0,0.0,0.0,0.0,0.0,2750.0,0.0,0.0,0.0,0.0,0.0,0.0,0.0,1222.0,1989.0,1680.0,1620.0,2321.0,1809.0,1190.0,1819.0,1785.0,1379.0
2022-11-19 00:00:00,2176.0,2188.0,1634.0,0.0,1277.0,0.0,2003.0,2039.0,0.0,0.0,0.0,0.0,0.0,0.0,0.0,0.0,0.0,0.0,0.0,0.0,0.0,0.0,0.0,0.0,0.0,0.0,0.0,0.0,0.0,1113.0,1951.0,1422.0,1675.0,1997.0,1462.0,1567.0,1595.0,1824.0,1486.0
2022-11-20 00:00:00,0.0,0.0,0.0,0.0,0.0,0.0,0.0,0.0,0.0,0.0,0.0,0.0,0.0,0.0,0.0,0.0,0.0,0.0,0.0,0.0,0.0,0.0,0.0,0.0,0.0,0.0,0.0,0.0,0.0,0.0,0.0,0.0,0.0,0.0,0.0,0.0,0.0,0.0,0.0
2022-11-21 00:00:00,2113.0,2169.0,1785.0,0.0,1500.0,0.0,1726.0,1920.0,2000.0,0.0,0.0,0.0,0.0,0.0,3428.0,0.0,0.0,0.0,0.0,0.0,0.0,2250.0,0.0,0.0,0.0,0.0,0.0,0.0,613.0,1302.0,1874.0,1511.0,1576.0,1775.0,1833.0,1598.0,1580.0,1695.0,1345.0
2022-11-22 00:00:00,2083.0,2131.0,1190.0,0.0,1312.0,0.0,1637.0,1771.0,1433.0,0.0,0.0,0.0,0.0,0.0,3213.0,0.0,0.0,0.0,0.0,0.0,0.0,2250.0,0.0,0.0,0.0,0.0,0.0,0.0,488.0,992.0,1744.0,1092.0,1400.0,1595.0,1635.0,1101.0,1284.0,1673.0,1139.0
2022-11-23 00:00:00,1618.0,1750.0,1677.0,0.0,1081.0,0.0,1337.0,1594.0,1510.0,0.0,0.0,0.0,0.0,0.0,0.0,0.0,0.0,0.0,0.0,0.0,0.0,0.0,0.0,0.0,0.0,0.0,0.0,0.0,422.0,2121.0,1822.0,1786.0,1337.0,1710.0,1982.0,1336.0,1730.0,1635.0,1147.0
2022-11-24 00:00:00,1478.0,1500.0,1400.0,0.0,1051.0,0.0,1159.0,1404.0,0.0,0.0,0.0,0.0,0.0,0.0,3578.0,0.0,0.0,0.0,0.0,0.0,0.0,2250.0,0.0,0.0,0.0,0.0,0.0,0.0,450.0,1991.0,1743.0,1178.0,1447.0,1748.0,1684.0,1130.0,2118.0,1496.0,1228.0
2022-11-25 00:00:00,1407.0,1463.0,1227.0,0.0,688.0,0.0,1106.0,1104.0,0.0,1452.0,0.0,0.0,0.0,550.0,3545.0,0.0,0.0,0.0,0.0,0.0,0.0,2250.0,0.0,0.0,0.0,0.0,0.0,0.0,0.0,1984.0,1970.0,2091.0,1494.0,1963.0,1918.0,1008.0,1675.0,1702.0,1540.0
2022-11-26 00:00:00,1255.0,1301.0,1478.0,0.0,1250.0,0.0,1212.0,1275.0,0.0,0.0,0.0,0.0,0.0,550.0,0.0,0.0,0.0,0.0,0.0,0.0,0.0,0.0,0.0,0.0,0.0,0.0,0.0,0.0,518.0,1426.0,2011.0,1348.0,1803.0,2494.0,1977.0,1304.0,1714.0,1714.0,1434.0
2022-11-27 00:00:00,0.0,0.0,0.0,0.0,0.0,0.0,0.0,0.0,0.0,0.0,0.0,0.0,0.0,0.0,0.0,0.0,0.0,0.0,0.0,0.0,0.0,0.0,0.0,0.0,0.0,0.0,0.0,0.0,0.0,0.0,0.0,0.0,0.0,0.0,0.0,0.0,0.0,0.0,0.0
2022-11-28 00:00:00,1499.0,1628.0,1406.0,0.0,1321.0,0.0,1143.0,1288.0,1446.0,0.0,0.0,0.0,1062.0,0.0,3367.0,0.0,0.0,0.0,0.0,0.0,0.0,2250.0,0.0,0.0,0.0,0.0,0.0,0.0,567.0,2047.0,1943.0,1616.0,1617.0,2022.0,2102.0,1970.0,1923.0,2110.0,1531.0
2022-11-29 00:00:00,1423.0,1455.0,1099.0,0.0,1261.0,0.0,1121.0,1177.0,1093.0,1062.0,0.0,0.0,0.0,0.0,3226.0,0.0,0.0,0.0,0.0,0.0,0.0,2250.0,0.0,0.0,0.0,0.0,0.0,0.0,661.0,1066.0,1667.0,1680.0,1585.0,1677.0,1685.0,1917.0,1704.0,1879.0,1127.0
2022-11-30 00:00:00,1584.0,1755.0,1059.0,0.0,1125.0,0.0,1384.0,1371.0,1316.0,0.0,0.0,0.0,0.0,0.0,3007.0,0.0,0.0,0.0,0.0,0.0,0.0,2250.0,0.0,0.0,0.0,0.0,0.0,0.0,681.0,916.0,1614.0,1299.0,1652.0,1710.0,1599.0,1802.0,1505.0,1544.0,1146.0
2022-12-01 00:00:00,1919.0,1886.0,1629.0,0.0,1000.0,0.0,2148.0,1974.0,0.0,850.0,0.0,0.0,0.0,0.0,3223.0,0.0,0.0,0.0,0.0,0.0,0.0,2250.0,0.0,0.0,0.0,0.0,0.0,0.0,730.0,1308.0,1859.0,1132.0,1345.0,1639.0,1494.0,1202.0,1583.0,1731.0,1312.0
2022-12-02 00:00:00,1846.0,2064.0,1743.0,0.0,1357.0,0.0,1787.0,1850.0,1688.0,1500.0,0.0,0.0,0.0,0.0,3208.0,0.0,0.0,0.0,0.0,0.0,0.0,2250.0,0.0,0.0,0.0,0.0,0.0,0.0,813.0,1282.0,1657.0,976.0,1435.0,1721.0,1648.0,1634.0,1369.0,1618.0,1158.0
2022-12-03 00:00:00,1932.0,2049.0,1363.0,0.0,1261.0,0.0,1498.0,1798.0,1938.0,650.0,0.0,0.0,0.0,0.0,0.0,0.0,0.0,0.0,0.0,0.0,0.0,0.0,0.0,0.0,0.0,0.0,0.0,0.0,701.0,1089.0,1743.0,1074.0,1310.0,1770.0,1500.0,1173.0,1391.0,1603.0,1056.0
2022-12-04 00:00:00,0.0,0.0,0.0,0.0,0.0,0.0,0.0,0.0,0.0,0.0,0.0,0.0,0.0,0.0,0.0,0.0,0.0,0.0,0.0,0.0,0.0,0.0,0.0,0.0,0.0,0.0,0.0,0.0,0.0,0.0,0.0,0.0,0.0,0.0,0.0,0.0,0.0,0.0,0.0
2022-12-05 00:00:00,1574.0,1659.0,1646.0,0.0,1333.0,0.0,1206.0,1426.0,1470.0,1120.0,0.0,0.0,0.0,0.0,3227.0,0.0,0.0,0.0,0.0,1865.0,0.0,2250.0,716.0,0.0,0.0,0.0,633.0,0.0,589.0,1846.0,1558.0,1206.0,1658.0,1754.0,1947.0,1515.0,1769.0,1586.0,1252.0
2022-12-06 00:00:00,1308.0,1404.0,1585.0,0.0,1042.0,0.0,1330.0,1355.0,0.0,896.0,0.0,0.0,0.0,0.0,3029.0,0.0,0.0,0.0,0.0,1865.0,0.0,765.0,562.0,0.0,0.0,0.0,0.0,637.0,511.0,1781.0,1803.0,1425.0,1726.0,1773.0,2206.0,1685.0,1642.0,1696.0,1307.0
2022-12-07 00:00:00,1258.0,1303.0,1513.0,0.0,1148.0,0.0,1228.0,1330.0,1375.0,0.0,0.0,0.0,0.0,0.0,3188.0,0.0,0.0,0.0,0.0,1925.0,0.0,2250.0,605.0,0.0,0.0,0.0,0.0,600.0,472.0,1585.0,1806.0,1504.0,1790.0,1867.0,2203.0,1655.0,1765.0,1715.0,1758.0
2022-12-08 00:00:00,1494.0,1616.0,1467.0,0.0,1688.0,0.0,1256.0,1475.0,1206.0,1094.0,0.0,0.0,0.0,0.0,3200.0,0.0,0.0,1965.0,0.0,1877.0,0.0,537.0,529.0,0.0,440.0,0.0,0.0,0.0,414.0,1593.0,2079.0,1579.0,2270.0,2130.0,2055.0,1559.0,1886.0,1945.0,1529.0
2022-12-09 00:00:00,1839.0,2035.0,1847.0,0.0,0.0,0.0,2016.0,1815.0,1905.0,1158.0,0.0,0.0,0.0,0.0,3192.0,0.0,0.0,1906.0,0.0,1933.0,0.0,546.0,467.0,0.0,0.0,360.0,0.0,458.0,378.0,1375.0,1964.0,1647.0,1790.0,2298.0,2020.0,1612.0,1829.0,1897.0,1694.0
2022-12-10 00:00:00,2309.0,2442.0,2307.0,0.0,1909.0,0.0,2059.0,2203.0,2500.0,1224.0,0.0,0.0,0.0,0.0,1964.0,0.0,0.0,0.0,0.0,0.0,0.0,412.0,404.0,0.0,0.0,351.0,0.0,386.0,390.0,1298.0,2189.0,1316.0,1771.0,1756.0,1963.0,1606.0,1977.0,1850.0,1396.0
2022-12-11 00:00:00,0.0,0.0,0.0,0.0,0.0,0.0,0.0,0.0,0.0,0.0,0.0,0.0,0.0,0.0,0.0,0.0,0.0,0.0,0.0,0.0,0.0,0.0,0.0,0.0,0.0,0.0,0.0,0.0,0.0,0.0,0.0,0.0,0.0,0.0,0.0,0.0,0.0,0.0,0.0
2022-12-12 00:00:00,2136.0,2237.0,2274.0,0.0,1808.0,0.0,2179.0,2204.0,2341.0,1169.0,0.0,0.0,0.0,0.0,1803.0,888.0,0.0,1735.0,0.0,1795.0,0.0,2250.0,409.0,0.0,0.0,365.0,0.0,0.0,405.0,1319.0,1891.0,1470.0,1771.0,2024.0,2080.0,1854.0,1862.0,1734.0,1561.0
2022-12-13 00:00:00,2353.0,2392.0,2394.0,0.0,2144.0,0.0,2124.0,2331.0,2388.0,1219.0,0.0,0.0,0.0,0.0,1676.0,0.0,0.0,1848.0,0.0,1778.0,0.0,514.0,456.0,0.0,0.0,395.0,0.0,0.0,435.0,1174.0,1828.0,1335.0,1523.0,1632.0,1950.0,1329.0,1611.0,1836.0,1513.0
2022-12-14 00:00:00,2245.0,2296.0,2177.0,0.0,2303.0,0.0,2508.0,2363.0,2708.0,1227.0,0.0,0.0,0.0,0.0,1805.0,0.0,0.0,0.0,0.0,1830.0,0.0,571.0,510.0,0.0,0.0,440.0,0.0,0.0,501.0,1376.0,1906.0,1279.0,1564.0,1554.0,2384.0,1580.0,1518.0,1639.0,1527.0
2022-12-15 00:00:00,2005.0,2143.0,2056.0,0.0,1797.0,0.0,2028.0,2072.0,2186.0,1156.0,0.0,0.0,0.0,593.0,3186.0,1374.0,0.0,1767.0,0.0,1610.0,0.0,619.0,589.0,0.0,645.0,560.0,0.0,550.0,576.0,1547.0,1468.0,1135.0,1518.0,1489.0,1955.0,1496.0,1494.0,1501.0,1030.0
2022-12-16 00:00:00,1851.0,1930.0,1954.0,0.0,1585.0,0.0,1809.0,2023.0,2086.0,1150.0,0.0,0.0,850.0,426.0,1885.0,0.0,0.0,1879.0,0.0,1594.0,0.0,664.0,586.0,0.0,0.0,520.0,0.0,539.0,551.0,1043.0,1683.0,1253.0,1357.0,1437.0,2254.0,1078.0,1620.0,1209.0,1497.0
2022-12-17 00:00:00,1697.0,1901.0,1845.0,0.0,1812.0,0.0,1693.0,1715.0,1548.0,0.0,0.0,0.0,0.0,476.0,0.0,0.0,0.0,0.0,0.0,0.0,0.0,532.0,589.0,0.0,0.0,0.0,0.0,525.0,481.0,1548.0,1596.0,1216.0,1431.0,1497.0,1962.0,2012.0,1509.0,1240.0,1276.0
2022-12-18 00:00:00,0.0,0.0,0.0,0.0,0.0,0.0,0.0,0.0,0.0,0.0,0.0,0.0,0.0,0.0,0.0,0.0,0.0,0.0,0.0,0.0,0.0,0.0,0.0,0.0,0.0,0.0,0.0,0.0,0.0,0.0,0.0,0.0,0.0,0.0,0.0,0.0,0.0,0.0,0.0
2022-12-19 00:00:00,2400.0,0.0,1970.0,0.0,1650.0,0.0,2402.0,3123.0,0.0,0.0,0.0,0.0,0.0,450.0,3190.0,0.0,0.0,2011.0,0.0,1896.0,0.0,586.0,650.0,0.0,0.0,670.0,0.0,0.0,626.0,2611.0,2812.0,2951.0,2792.0,3524.0,3282.0,4202.0,1878.0,2323.0,3413.0
2022-12-20 00:00:00,1975.0,2068.0,2018.0,0.0,1873.0,2125.0,1742.0,1891.0,1979.0,705.0,0.0,0.0,0.0,544.0,2231.0,0.0,0.0,2208.0,0.0,2031.0,0.0,626.0,611.0,0.0,0.0,615.0,614.0,0.0,514.0,1899.0,2511.0,2054.0,2328.0,2709.0,2741.0,1883.0,2557.0,2266.0,2333.0
2022-12-21 00:00:00,1996.0,2117.0,2173.0,0.0,1734.0,0.0,1738.0,1997.0,2313.0,901.0,0.0,0.0,0.0,0.0,2121.0,1765.0,0.0,2324.0,0.0,2142.0,0.0,572.0,603.0,0.0,561.0,606.0,619.0,0.0,538.0,1849.0,2607.0,1762.0,2027.0,2406.0,2651.0,2655.0,2806.0,2477.0,1878.0
2022-12-22 00:00:00,2450.0,2739.0,2473.0,0.0,2073.0,0.0,2139.0,2567.0,2757.0,1038.0,0.0,0.0,0.0,747.0,2190.0,2500.0,0.0,2204.0,2430.0,2133.0,0.0,768.0,615.0,0.0,0.0,678.0,619.0,0.0,626.0,1924.0,2739.0,1996.0,2206.0,2369.0,2654.0,2959.0,2859.0,2625.0,2384.0
2022-12-23 00:00:00,3617.0,3537.0,2597.0,0.0,3256.0,0.0,3457.0,3338.0,3750.0,1095.0,0.0,0.0,0.0,1180.0,2068.0,2385.0,2078.0,2225.0,0.0,2018.0,0.0,674.0,660.0,0.0,622.0,673.0,589.0,0.0,652.0,1780.0,2455.0,1728.0,2681.0,2342.0,2715.0,1892.0,2321.0,2036.0,1927.0
2022-12-24 00:00:00,3896.0,4348.0,0.0,0.0,0.0,0.0,4500.0,4105.0,4908.0,900.0,0.0,0.0,900.0,0.0,0.0,0.0,0.0,2364.0,0.0,0.0,0.0,0.0,732.0,0.0,0.0,708.0,0.0,0.0,653.0,1627.0,2531.0,1882.0,2269.0,2357.0,2607.0,1632.0,2310.0,2418.0,2361.0
2022-12-25 00:00:00,0.0,0.0,0.0,0.0,0.0,0.0,0.0,0.0,0.0,0.0,0.0,0.0,0.0,0.0,0.0,0.0,0.0,0.0,0.0,0.0,0.0,0.0,0.0,0.0,0.0,0.0,0.0,0.0,0.0,0.0,0.0,0.0,0.0,0.0,0.0,0.0,0.0,0.0,0.0
2022-12-26 00:00:00,2739.0,2884.0,2355.0,0.0,1668.0,0.0,2537.0,2414.0,2687.0,1125.0,0.0,0.0,1000.0,746.0,1917.0,0.0,0.0,2041.0,0.0,2075.0,0.0,615.0,570.0,0.0,583.0,611.0,612.0,0.0,586.0,2081.0,2548.0,1920.0,2236.0,2587.0,2510.0,2321.0,2862.0,2061.0,2389.0
2022-12-27 00:00:00,2279.0,2362.0,2126.0,0.0,1679.0,0.0,2004.0,1938.0,2138.0,0.0,0.0,500.0,0.0,817.0,1954.0,2946.0,0.0,2111.0,0.0,2085.0,0.0,595.0,584.0,0.0,0.0,606.0,0.0,0.0,559.0,1857.0,2469.0,1828.0,2219.0,2055.0,2379.0,2231.0,2630.0,2031.0,2345.0
2022-12-28 00:00:00,2086.0,2243.0,2150.0,0.0,1865.0,0.0,2059.0,1947.0,2137.0,0.0,0.0,0.0,0.0,587.0,2115.0,1790.0,2158.0,2157.0,0.0,1998.0,0.0,650.0,620.0,0.0,596.0,644.0,0.0,0.0,593.0,2204.0,2552.0,2096.0,2328.0,2227.0,2434.0,2251.0,2666.0,2296.0,2427.0
2022-12-29 00:00:00,2508.0,2815.0,2598.0,0.0,1924.0,0.0,2405.0,2148.0,2608.0,1312.0,0.0,0.0,1000.0,621.0,2247.0,3467.0,0.0,2134.0,0.0,1978.0,0.0,668.0,621.0,0.0,581.0,638.0,620.0,0.0,612.0,2303.0,2742.0,1838.0,2294.0,2327.0,2556.0,2315.0,2216.0,2352.0,1989.0
2022-12-30 00:00:00,2448.0,2711.0,2427.0,0.0,1837.0,0.0,2457.0,2542.0,3006.0,1250.0,0.0,0.0,1000.0,694.0,2179.0,1500.0,0.0,1998.0,0.0,1826.0,0.0,630.0,610.0,0.0,611.0,636.0,670.0,0.0,609.0,2153.0,2632.0,2031.0,2742.0,2244.0,2767.0,2533.0,2689.0,2382.0,2506.0
2022-12-31 00:00:00,2466.0,2679.0,2629.0,0.0,0.0,0.0,2503.0,2635.0,3000.0,0.0,0.0,0.0,0.0,582.0,0.0,0.0,0.0,0.0,0.0,0.0,0.0,575.0,575.0,0.0,448.0,556.0,650.0,0.0,531.0,1987.0,2589.0,2349.0,2703.0,2323.0,2552.0,1912.0,2274.0,2155.0,2081.0
2023-01-01 00:00:00,0.0,0.0,0.0,0.0,0.0,0.0,0.0,0.0,0.0,0.0,0.0,0.0,0.0,0.0,0.0,0.0,0.0,0.0,0.0,0.0,0.0,0.0,0.0,0.0,0.0,0.0,0.0,0.0,0.0,0.0,0.0,0.0,0.0,0.0,0.0,0.0,0.0,0.0,0.0
2023-01-02 00:00:00,0.0,0.0,0.0,0.0,0.0,0.0,0.0,0.0,0.0,0.0,0.0,0.0,0.0,0.0,0.0,0.0,0.0,0.0,0.0,0.0,0.0,0.0,0.0,0.0,0.0,0.0,0.0,0.0,0.0,0.0,0.0,0.0,0.0,0.0,0.0,0.0,0.0,0.0,0.0
2023-01-03 00:00:00,3877.0,4366.0,3750.0,0.0,3625.0,0.0,3637.0,3855.0,4173.0,1142.0,0.0,0.0,1032.0,474.0,2068.0,1637.0,2153.0,2088.0,0.0,1947.0,0.0,690.0,588.0,0.0,465.0,561.0,636.0,0.0,563.0,1697.0,2690.0,1547.0,2326.0,2061.0,2873.0,1776.0,2328.0,2182.0,2077.0
2023-01-04 00:00:00,3103.0,2973.0,2530.0,0.0,0.0,0.0,2716.0,3262.0,1896.0,1150.0,0.0,0.0,0.0,501.0,2067.0,0.0,2251.0,2020.0,0.0,1955.0,0.0,584.0,569.0,0.0,508.0,599.0,571.0,0.0,551.0,3569.0,2374.0,1683.0,2166.0,2076.0,2463.0,2410.0,2162.0,1908.0,1897.0
2023-01-05 00:00:00,2729.0,2927.0,2668.0,0.0,2585.0,0.0,2543.0,2936.0,3163.0,1135.0,0.0,0.0,850.0,450.0,2026.0,1850.0,0.0,1984.0,0.0,2159.0,0.0,546.0,476.0,0.0,460.0,525.0,582.0,0.0,479.0,1637.0,2390.0,1531.0,2338.0,1930.0,1964.0,2890.0,2482.0,2107.0,1990.0
2023-01-06 00:00:00,2580.0,2673.0,2761.0,0.0,2230.0,0.0,2550.0,2748.0,2350.0,1025.0,0.0,0.0,850.0,443.0,2068.0,1500.0,0.0,1996.0,0.0,1988.0,0.0,406.0,380.0,0.0,468.0,483.0,518.0,0.0,426.0,1686.0,2427.0,1759.0,2084.0,2005.0,2571.0,2958.0,2973.0,2081.0,1969.0
2023-01-07 00:00:00,2571.0,2661.0,2583.0,0.0,2115.0,0.0,2571.0,2576.0,2632.0,1210.0,0.0,0.0,850.0,427.0,2145.0,0.0,0.0,1905.0,0.0,2107.0,0.0,464.0,412.0,0.0,413.0,444.0,0.0,0.0,418.0,1834.0,2475.0,1484.0,1918.0,2074.0,2351.0,2169.0,2510.0,1878.0,2030.0
2023-01-08 00:00:00,0.0,0.0,0.0,0.0,0.0,0.0,0.0,0.0,0.0,0.0,0.0,0.0,0.0,0.0,0.0,0.0,0.0,0.0,0.0,0.0,0.0,0.0,0.0,0.0,0.0,0.0,0.0,0.0,0.0,0.0,0.0,0.0,0.0,0.0,0.0,0.0,0.0,0.0,0.0
2023-01-09 00:00:00,2800.0,2872.0,2627.0,0.0,2682.0,0.0,2732.0,2610.0,2559.0,951.0,0.0,0.0,841.0,450.0,1948.0,2204.0,1773.0,2005.0,0.0,1982.0,0.0,535.0,466.0,0.0,386.0,483.0,0.0,600.0,435.0,1780.0,2466.0,1625.0,2390.0,2027.0,2673.0,2148.0,3448.0,2295.0,2729.0
2023-01-10 00:00:00,2715.0,2885.0,2524.0,0.0,2734.0,0.0,2921.0,2690.0,3162.0,890.0,0.0,0.0,900.0,480.0,1851.0,0.0,1782.0,1941.0,0.0,1900.0,0.0,555.0,463.0,0.0,438.0,538.0,0.0,562.0,451.0,1712.0,2413.0,1657.0,2375.0,2067.0,2517.0,1493.0,4073.0,1898.0,3098.0
2023-01-11 00:00:00,2756.0,2888.0,2617.0,0.0,0.0,0.0,2832.0,2741.0,2934.0,1125.0,0.0,0.0,0.0,556.0,1833.0,1500.0,0.0,1937.0,0.0,1934.0,0.0,728.0,484.0,0.0,459.0,611.0,0.0,580.0,479.0,1911.0,2777.0,1983.0,2798.0,0.0,0.0,1172.0,3667.0,2352.0,2605.0
2023-01-12 00:00:00,2649.0,2788.0,2750.0,0.0,0.0,0.0,2820.0,2746.0,2668.0,0.0,0.0,0.0,700.0,596.0,2001.0,0.0,1773.0,2011.0,0.0,1874.0,0.0,523.0,492.0,0.0,450.0,530.0,469.0,567.0,466.0,2350.0,2429.0,2164.0,3074.0,2079.0,2953.0,2466.0,3886.0,2127.0,2431.0
2023-01-13 00:00:00,2619.0,2642.0,2710.0,0.0,1983.0,0.0,2823.0,2721.0,2885.0,0.0,0.0,0.0,758.0,562.0,2192.0,1912.0,1882.0,2073.0,0.0,1848.0,0.0,550.0,474.0,0.0,440.0,536.0,517.0,575.0,446.0,2819.0,2669.0,2178.0,2866.0,2381.0,2934.0,3981.0,4448.0,2020.0,2756.0
2023-01-14 00:00:00,2550.0,2597.0,2727.0,0.0,2797.0,0.0,2518.0,2601.0,2500.0,0.0,0.0,557.0,0.0,530.0,0.0,0.0,0.0,0.0,0.0,0.0,0.0,576.0,491.0,520.0,395.0,486.0,0.0,583.0,436.0,1947.0,2028.0,2567.0,2958.0,2162.0,2487.0,3504.0,3645.0,1723.0,3064.0
2023-01-15 00:00:00,0.0,0.0,0.0,0.0,0.0,0.0,0.0,0.0,0.0,0.0,0.0,0.0,0.0,0.0,0.0,0.0,0.0,0.0,0.0,0.0,0.0,0.0,0.0,0.0,0.0,0.0,0.0,0.0,0.0,0.0,0.0,0.0,0.0,0.0,0.0,0.0,0.0,0.0,0.0
2023-01-16 00:00:00,2356.0,2482.0,2405.0,0.0,2122.0,0.0,2024.0,2459.0,2570.0,0.0,0.0,491.0,750.0,511.0,2284.0,1500.0,2272.0,2374.0,0.0,2091.0,0.0,629.0,448.0,571.0,0.0,438.0,462.0,592.0,452.0,2079.0,2304.0,1861.0,2821.0,2019.0,2097.0,3176.0,3167.0,2162.0,3443.0
2023-01-17 00:00:00,2135.0,2308.0,2116.0,0.0,1622.0,0.0,1802.0,1987.0,2269.0,0.0,0.0,557.0,0.0,505.0,2376.0,0.0,0.0,2405.0,0.0,2289.0,0.0,342.0,424.0,0.0,390.0,504.0,400.0,525.0,409.0,2257.0,2613.0,1458.0,2634.0,1987.0,2317.0,658.0,3294.0,2354.0,2665.0
2023-01-18 00:00:00,2143.0,1792.0,1767.0,0.0,1731.0,0.0,1699.0,1710.0,2204.0,1188.0,0.0,545.0,0.0,538.0,2400.0,2383.0,2332.0,2324.0,0.0,2311.0,0.0,452.0,404.0,511.0,403.0,396.0,0.0,571.0,418.0,2507.0,2466.0,1435.0,2370.0,1791.0,2871.0,1178.0,3217.0,2384.0,2640.0
2023-01-19 00:00:00,1424.0,1458.0,1487.0,0.0,1449.0,0.0,1072.0,1446.0,1644.0,1062.0,0.0,481.0,800.0,514.0,2332.0,2285.0,2347.0,2255.0,0.0,2302.0,0.0,2250.0,445.0,0.0,455.0,481.0,0.0,564.0,435.0,2327.0,2573.0,1780.0,2400.0,2155.0,3356.0,1244.0,2655.0,2363.0,2687.0
2023-01-20 00:00:00,1279.0,1372.0,1443.0,0.0,1419.0,0.0,980.0,1427.0,1591.0,1188.0,0.0,422.0,800.0,463.0,2272.0,3000.0,2282.0,1975.0,0.0,2247.0,0.0,412.0,452.0,0.0,427.0,594.0,0.0,0.0,471.0,1503.0,2243.0,1310.0,2176.0,1997.0,2830.0,957.0,2804.0,2467.0,2558.0
2023-01-21 00:00:00,1298.0,0.0,1158.0,0.0,1449.0,0.0,1097.0,1153.0,0.0,938.0,0.0,0.0,650.0,508.0,0.0,0.0,0.0,2900.0,0.0,0.0,0.0,0.0,0.0,0.0,0.0,0.0,0.0,0.0,425.0,1502.0,2527.0,932.0,2195.0,2852.0,3850.0,0.0,3019.0,2815.0,3482.0
2023-01-22 00:00:00,0.0,0.0,0.0,0.0,0.0,0.0,0.0,0.0,0.0,0.0,0.0,0.0,0.0,0.0,0.0,0.0,0.0,0.0,0.0,0.0,0.0,0.0,0.0,0.0,0.0,0.0,0.0,0.0,0.0,0.0,0.0,0.0,0.0,0.0,0.0,0.0,0.0,0.0,0.0
2023-01-23 00:00:00,0.0,0.0,0.0,0.0,0.0,0.0,0.0,0.0,0.0,0.0,0.0,0.0,0.0,0.0,0.0,0.0,0.0,0.0,0.0,0.0,0.0,0.0,0.0,0.0,0.0,0.0,0.0,0.0,0.0,0.0,0.0,0.0,0.0,0.0,0.0,0.0,0.0,0.0,0.0
2023-01-24 00:00:00,0.0,0.0,0.0,0.0,0.0,0.0,0.0,0.0,0.0,0.0,0.0,0.0,0.0,0.0,0.0,0.0,0.0,0.0,0.0,0.0,0.0,0.0,0.0,0.0,0.0,0.0,0.0,0.0,0.0,0.0,0.0,0.0,0.0,0.0,0.0,0.0,0.0,0.0,0.0
2023-01-25 00:00:00,2654.0,0.0,0.0,0.0,0.0,0.0,3262.0,0.0,0.0,250.0,0.0,0.0,0.0,792.0,2408.0,0.0,0.0,2490.0,0.0,2536.0,0.0,0.0,573.0,0.0,0.0,660.0,0.0,581.0,627.0,0.0,3599.0,1352.0,2711.0,1453.0,2330.0,0.0,2608.0,0.0,1522.0
2023-01-26 00:00:00,3136.0,0.0,2032.0,0.0,0.0,0.0,2494.0,2868.0,0.0,0.0,0.0,0.0,0.0,973.0,2199.0,0.0,0.0,2406.0,0.0,2346.0,0.0,765.0,658.0,0.0,0.0,719.0,0.0,725.0,667.0,2897.0,2647.0,3385.0,4921.0,3031.0,3627.0,5807.0,2846.0,3610.0,2842.0
2023-01-27 00:00:00,2525.0,2750.0,2192.0,0.0,2056.0,0.0,2517.0,2538.0,3011.0,0.0,0.0,730.0,600.0,709.0,2253.0,2672.0,2052.0,2409.0,0.0,2315.0,0.0,577.0,540.0,0.0,425.0,522.0,519.0,536.0,463.0,2674.0,2743.0,1873.0,2500.0,2939.0,2941.0,8000.0,2778.0,3433.0,3045.0
2023-01-28 00:00:00,2038.0,2235.0,1946.0,0.0,1903.0,0.0,1983.0,1962.0,2307.0,1283.0,0.0,403.0,750.0,835.0,2329.0,0.0,0.0,2279.0,0.0,2040.0,0.0,419.0,452.0,0.0,0.0,461.0,0.0,0.0,453.0,2292.0,2620.0,1892.0,2717.0,2570.0,2805.0,2966.0,2571.0,2813.0,2339.0
2023-01-29 00:00:00,0.0,0.0,0.0,0.0,0.0,0.0,0.0,0.0,0.0,0.0,0.0,0.0,0.0,0.0,0.0,0.0,0.0,0.0,0.0,0.0,0.0,0.0,0.0,0.0,0.0,0.0,0.0,0.0,0.0,0.0,0.0,0.0,0.0,0.0,0.0,0.0,0.0,0.0,0.0
2023-01-30 00:00:00,1905.0,2000.0,2139.0,0.0,1870.0,0.0,1924.0,1969.0,2214.0,2500.0,0.0,677.0,0.0,873.0,1858.0,2093.0,0.0,2207.0,0.0,2162.0,0.0,1800.0,599.0,0.0,0.0,750.0,550.0,617.0,604.0,2152.0,2659.0,2051.0,2951.0,2687.0,2742.0,0.0,2943.0,2674.0,2791.0
2023-01-31 00:00:00,2121.0,2241.0,2237.0,0.0,0.0,0.0,1926.0,1950.0,2190.0,1906.0,0.0,0.0,0.0,717.0,1943.0,1861.0,2202.0,2029.0,0.0,2174.0,0.0,1800.0,646.0,0.0,0.0,608.0,618.0,683.0,719.0,2184.0,2268.0,1825.0,2669.0,2257.0,3403.0,2284.0,3049.0,2555.0,3003.0
2023-02-01 00:00:00,2201.0,2281.0,2137.0,0.0,2500.0,0.0,2076.0,2063.0,2224.0,2500.0,0.0,0.0,0.0,597.0,2294.0,0.0,2145.0,2074.0,0.0,1965.0,0.0,838.0,696.0,0.0,0.0,576.0,0.0,675.0,646.0,2008.0,2417.0,2310.0,2838.0,2304.0,2989.0,3671.0,2925.0,2428.0,2952.0
2023-02-02 00:00:00,2336.0,2606.0,2271.0,0.0,2217.0,0.0,2252.0,2390.0,2631.0,1838.0,0.0,0.0,0.0,513.0,2182.0,0.0,2325.0,1860.0,0.0,1984.0,0.0,960.0,676.0,0.0,0.0,637.0,750.0,917.0,620.0,1978.0,2586.0,1674.0,2430.0,2033.0,2651.0,1774.0,2304.0,2013.0,2439.0
2023-02-03 00:00:00,2256.0,2486.0,2311.0,0.0,2674.0,0.0,2144.0,2469.0,2691.0,1858.0,0.0,577.0,0.0,539.0,2092.0,0.0,2175.0,2063.0,0.0,2009.0,0.0,610.0,549.0,0.0,0.0,562.0,800.0,987.0,562.0,1911.0,2428.0,2586.0,2188.0,2730.0,2595.0,1011.0,2339.0,1297.0,1889.0
2023-02-04 00:00:00,2297.0,2348.0,2372.0,0.0,2458.0,0.0,2280.0,2470.0,2625.0,1188.0,0.0,533.0,0.0,517.0,0.0,0.0,0.0,3096.0,0.0,0.0,0.0,672.0,369.0,0.0,0.0,335.0,0.0,0.0,510.0,1864.0,2656.0,1839.0,1884.0,2542.0,2355.0,846.0,1728.0,1488.0,1363.0
2023-02-05 00:00:00,0.0,0.0,0.0,0.0,0.0,0.0,0.0,0.0,0.0,0.0,0.0,0.0,0.0,0.0,0.0,0.0,0.0,0.0,0.0,0.0,0.0,0.0,0.0,0.0,0.0,0.0,0.0,0.0,0.0,0.0,0.0,0.0,0.0,0.0,0.0,0.0,0.0,0.0,0.0
2023-02-06 00:00:00,2352.0,2457.0,2474.0,0.0,2077.0,2212.0,2396.0,2423.0,2497.0,2500.0,0.0,480.0,0.0,532.0,2244.0,2560.0,2251.0,2088.0,0.0,1957.0,0.0,781.0,285.0,0.0,0.0,555.0,1000.0,0.0,407.0,1837.0,2312.0,1410.0,1897.0,2366.0,2454.0,2576.0,2045.0,1160.0,2899.0
2023-02-07 00:00:00,2281.0,2437.0,2109.0,1875.0,2240.0,0.0,2268.0,2177.0,2364.0,1495.0,0.0,437.0,0.0,516.0,2207.0,0.0,0.0,2023.0,0.0,2158.0,0.0,900.0,285.0,375.0,0.0,490.0,653.0,955.0,411.0,1595.0,2024.0,1322.0,1988.0,2553.0,2833.0,949.0,1818.0,1554.0,2508.0
2023-02-08 00:00:00,2412.0,2448.0,2497.0,0.0,2500.0,0.0,2171.0,2335.0,2534.0,1265.0,0.0,432.0,900.0,587.0,2171.0,0.0,1976.0,2088.0,0.0,2060.0,0.0,538.0,312.0,0.0,0.0,442.0,585.0,0.0,406.0,1747.0,2874.0,2316.0,1711.0,2785.0,2557.0,1502.0,2253.0,1437.0,2370.0
2023-02-09 00:00:00,2490.0,2608.0,2370.0,0.0,2438.0,0.0,2389.0,2444.0,2539.0,1456.0,0.0,363.0,0.0,549.0,2112.0,0.0,2005.0,2021.0,0.0,2008.0,0.0,536.0,366.0,250.0,0.0,387.0,0.0,0.0,352.0,2102.0,2890.0,4293.0,2241.0,2146.0,2124.0,0.0,2238.0,936.0,2464.0
2023-02-10 00:00:00,2363.0,2449.0,2312.0,0.0,2349.0,0.0,2364.0,2407.0,2567.0,1478.0,0.0,347.0,0.0,595.0,1966.0,0.0,2243.0,2149.0,0.0,1969.0,0.0,619.0,414.0,0.0,0.0,482.0,0.0,663.0,393.0,1458.0,2657.0,5667.0,2637.0,3632.0,2953.0,7667.0,2863.0,1585.0,2469.0
2023-02-11 00:00:00,2250.0,2181.0,2250.0,0.0,2543.0,1812.0,2106.0,2367.0,2538.0,1436.0,0.0,406.0,0.0,542.0,1910.0,2180.0,2192.0,0.0,0.0,0.0,0.0,0.0,607.0,0.0,0.0,423.0,461.0,0.0,512.0,1990.0,2605.0,2691.0,2659.0,3246.0,2620.0,3277.0,2698.0,1138.0,2049.0
2023-02-12 00:00:00,0.0,0.0,0.0,0.0,0.0,0.0,0.0,0.0,0.0,0.0,0.0,0.0,0.0,0.0,0.0,0.0,0.0,0.0,0.0,0.0,0.0,0.0,0.0,0.0,0.0,0.0,0.0,0.0,0.0,0.0,0.0,0.0,0.0,0.0,0.0,0.0,0.0,0.0,0.0
2023-02-13 00:00:00,2060.0,2237.0,2123.0,0.0,1893.0,0.0,2094.0,2195.0,2231.0,1921.0,0.0,619.0,650.0,632.0,2425.0,1982.0,2313.0,2211.0,0.0,2017.0,0.0,966.0,346.0,0.0,0.0,418.0,460.0,0.0,533.0,2287.0,2811.0,1748.0,2561.0,2956.0,2690.0,1701.0,2316.0,1174.0,2201.0
2023-02-14 00:00:00,1883.0,1877.0,2245.0,0.0,1659.0,0.0,1857.0,2008.0,2223.0,1628.0,0.0,0.0,0.0,591.0,2098.0,0.0,2090.0,2014.0,0.0,2044.0,0.0,872.0,612.0,0.0,0.0,553.0,657.0,0.0,537.0,2345.0,2850.0,2368.0,2302.0,2665.0,2615.0,907.0,1974.0,970.0,1857.0
2023-02-15 00:00:00,1969.0,1999.0,2082.0,0.0,1840.0,0.0,1881.0,2056.0,1942.0,2500.0,0.0,0.0,0.0,668.0,2088.0,0.0,0.0,2038.0,0.0,2056.0,0.0,475.0,723.0,0.0,0.0,675.0,614.0,0.0,590.0,1760.0,2677.0,1400.0,2324.0,3794.0,2770.0,726.0,2472.0,1619.0,2415.0
2023-02-16 00:00:00,2129.0,2197.0,2055.0,0.0,1791.0,0.0,1771.0,2026.0,2200.0,2500.0,0.0,900.0,750.0,693.0,1819.0,0.0,0.0,2152.0,0.0,2042.0,0.0,835.0,803.0,0.0,0.0,740.0,0.0,675.0,688.0,2325.0,2793.0,1589.0,2461.0,4991.0,3348.0,0.0,2652.0,0.0,2575.0
2023-02-17 00:00:00,2135.0,2134.0,2076.0,0.0,2688.0,0.0,1774.0,2039.0,2227.0,2500.0,0.0,822.0,0.0,775.0,1873.0,3000.0,0.0,2067.0,0.0,2056.0,0.0,1900.0,757.0,0.0,0.0,692.0,725.0,0.0,689.0,2392.0,3526.0,1999.0,3017.0,6014.0,3298.0,717.0,2248.0,0.0,2616.0
2023-02-18 00:00:00,2262.0,2359.0,2121.0,0.0,2488.0,0.0,1944.0,2257.0,2268.0,0.0,0.0,827.0,0.0,804.0,0.0,0.0,0.0,0.0,0.0,0.0,0.0,642.0,628.0,0.0,650.0,785.0,628.0,0.0,627.0,2404.0,3286.0,3862.0,3332.0,6841.0,3809.0,0.0,2688.0,0.0,2969.0
2023-02-19 00:00:00,0.0,0.0,0.0,0.0,0.0,0.0,0.0,0.0,0.0,0.0,0.0,0.0,0.0,0.0,0.0,0.0,0.0,0.0,0.0,0.0,0.0,0.0,0.0,0.0,0.0,0.0,0.0,0.0,0.0,0.0,0.0,0.0,0.0,0.0,0.0,0.0,0.0,0.0,0.0
2023-02-20 00:00:00,2497.0,2576.0,2017.0,2375.0,2359.0,0.0,2199.0,2397.0,2657.0,2452.0,0.0,762.0,0.0,692.0,2091.0,0.0,2068.0,2093.0,0.0,2031.0,0.0,656.0,625.0,0.0,0.0,628.0,621.0,671.0,566.0,2362.0,3243.0,4848.0,3326.0,4559.0,3371.0,0.0,2558.0,1578.0,2858.0
2023-02-21 00:00:00,2487.0,2597.0,2190.0,0.0,2477.0,0.0,2312.0,2263.0,2509.0,1438.0,0.0,823.0,0.0,717.0,2320.0,0.0,0.0,2321.0,0.0,2015.0,0.0,604.0,566.0,0.0,0.0,598.0,672.0,683.0,475.0,2433.0,4081.0,2874.0,3299.0,8500.0,3471.0,1934.0,3136.0,2110.0,2898.0
2023-02-22 00:00:00,2611.0,2378.0,2160.0,0.0,2289.0,0.0,1938.0,2112.0,2365.0,1562.0,0.0,0.0,0.0,671.0,2377.0,0.0,2192.0,2256.0,0.0,2029.0,0.0,492.0,534.0,0.0,0.0,479.0,593.0,0.0,440.0,2813.0,3444.0,4175.0,3202.0,4017.0,3228.0,0.0,2539.0,3157.0,3400.0
2023-02-23 00:00:00,2071.0,2197.0,2014.0,0.0,2051.0,0.0,2006.0,1903.0,2195.0,1562.0,0.0,0.0,0.0,631.0,2236.0,0.0,2339.0,2238.0,0.0,2209.0,0.0,260.0,381.0,0.0,0.0,528.0,0.0,0.0,396.0,2770.0,3481.0,6216.0,3478.0,4585.0,3484.0,0.0,2955.0,4793.0,3349.0
2023-02-24 00:00:00,2028.0,2060.0,2097.0,0.0,1864.0,0.0,1956.0,1912.0,2025.0,1625.0,0.0,0.0,0.0,641.0,2224.0,3000.0,2120.0,2018.0,0.0,2097.0,0.0,633.0,455.0,0.0,0.0,495.0,557.0,0.0,388.0,2633.0,3518.0,3558.0,3939.0,4835.0,3773.0,1838.0,3323.0,2403.0,3026.0
2023-02-25 00:00:00,2222.0,2222.0,2299.0,0.0,2069.0,0.0,2355.0,2234.0,2353.0,0.0,0.0,827.0,0.0,579.0,2136.0,0.0,2116.0,0.0,0.0,0.0,0.0,0.0,545.0,0.0,0.0,573.0,664.0,0.0,429.0,3155.0,4201.0,2412.0,3677.0,5550.0,4298.0,1829.0,3321.0,1489.0,2946.0
2023-02-26 00:00:00,0.0,0.0,0.0,0.0,0.0,0.0,0.0,0.0,0.0,0.0,0.0,0.0,0.0,0.0,0.0,0.0,0.0,0.0,0.0,0.0,0.0,0.0,0.0,0.0,0.0,0.0,0.0,0.0,0.0,0.0,0.0,0.0,0.0,0.0,0.0,0.0,0.0,0.0,0.0
2023-02-27 00:00:00,2357.0,2378.0,2610.0,0.0,1859.0,0.0,2473.0,2492.0,2488.0,1438.0,0.0,748.0,0.0,652.0,1934.0,3000.0,2002.0,2212.0,0.0,2111.0,0.0,1900.0,495.0,0.0,0.0,626.0,561.0,555.0,468.0,2657.0,4166.0,3540.0,4057.0,5037.0,4180.0,0.0,3409.0,2620.0,3418.0
2023-02-28 00:00:00,3307.0,3218.0,3035.0,0.0,2873.0,0.0,2896.0,3480.0,3232.0,710.0,0.0,809.0,0.0,672.0,2162.0,2274.0,2060.0,2050.0,0.0,2152.0,0.0,486.0,462.0,0.0,0.0,571.0,615.0,616.0,531.0,3922.0,4009.0,3141.0,3821.0,2643.0,4234.0,0.0,3236.0,1673.0,3141.0
2023-03-01 00:00:00,3392.0,3838.0,3323.0,0.0,2839.0,0.0,3487.0,3793.0,3816.0,488.0,680.0,798.0,0.0,621.0,2101.0,0.0,1890.0,2051.0,0.0,2085.0,0.0,548.0,498.0,0.0,0.0,600.0,0.0,709.0,574.0,3397.0,4173.0,6382.0,4037.0,3742.0,4357.0,0.0,4631.0,0.0,4235.0
2023-03-02 00:00:00,2936.0,3067.0,2685.0,0.0,2070.0,0.0,3185.0,3144.0,3321.0,1312.0,821.0,858.0,0.0,653.0,1839.0,0.0,1788.0,1933.0,0.0,1931.0,0.0,552.0,596.0,0.0,537.0,609.0,616.0,678.0,523.0,3195.0,4219.0,3558.0,4004.0,3983.0,4466.0,0.0,4114.0,1904.0,3960.0
2023-03-03 00:00:00,2850.0,2875.0,2558.0,0.0,2934.0,0.0,3059.0,3045.0,2939.0,0.0,848.0,780.0,0.0,643.0,3486.0,0.0,1758.0,1725.0,0.0,1777.0,0.0,608.0,613.0,0.0,642.0,601.0,666.0,0.0,529.0,3640.0,4089.0,3470.0,4241.0,5175.0,4748.0,0.0,4146.0,1622.0,3791.0
